src,dst
HTMLparser.c,include/libxml/HTMLparser.h
HTMLparser.c,include/libxml/HTMLtree.h
HTMLparser.c,include/libxml/encoding.h
HTMLparser.c,include/libxml/parserInternals.h
HTMLparser.c,include/libxml/uri.h
HTMLparser.c,include/libxml/xmlIO.h
HTMLparser.c,include/libxml/xmlerror.h
HTMLparser.c,include/libxml/xmlmemory.h
HTMLparser.c,include/private/buf.h
HTMLparser.c,include/private/enc.h
HTMLparser.c,include/private/error.h
HTMLparser.c,include/private/html.h
HTMLparser.c,include/private/io.h
HTMLparser.c,include/private/string.h
HTMLparser.c,libxml.h
HTMLtree.c,include/libxml/HTMLparser.h
HTMLtree.c,include/libxml/HTMLtree.h
HTMLtree.c,include/libxml/parserInternals.h
HTMLtree.c,include/libxml/uri.h
HTMLtree.c,include/libxml/xmlerror.h
HTMLtree.c,include/libxml/xmlmemory.h
HTMLtree.c,include/private/buf.h
HTMLtree.c,include/private/error.h
HTMLtree.c,include/private/io.h
HTMLtree.c,include/private/save.h
HTMLtree.c,include/private/string.h
HTMLtree.c,libxml.h
SAX2.c,include/libxml/HTMLtree.h
SAX2.c,include/libxml/SAX2.h
SAX2.c,include/libxml/debugXML.h
SAX2.c,include/libxml/parserInternals.h
SAX2.c,include/libxml/uri.h
SAX2.c,include/libxml/valid.h
SAX2.c,include/libxml/xmlIO.h
SAX2.c,include/libxml/xmlerror.h
SAX2.c,include/libxml/xmlmemory.h
SAX2.c,include/private/error.h
SAX2.c,include/private/string.h
SAX2.c,libxml.h
buf.c,include/private/buf.h
buf.c,include/private/string.h
buf.c,libxml.h
c14n.c,include/libxml/c14n.h
c14n.c,include/libxml/uri.h
c14n.c,include/libxml/xmlerror.h
c14n.c,include/libxml/xpathInternals.h
c14n.c,include/private/error.h
c14n.c,include/private/io.h
c14n.c,include/private/string.h
c14n.c,libxml.h
catalog.c,include/libxml/catalog.h
catalog.c,include/libxml/hash.h
catalog.c,include/libxml/parserInternals.h
catalog.c,include/libxml/uri.h
catalog.c,include/libxml/xmlerror.h
catalog.c,include/libxml/xmlmemory.h
catalog.c,include/private/buf.h
catalog.c,include/private/cata.h
catalog.c,include/private/error.h
catalog.c,include/private/io.h
catalog.c,include/private/string.h
catalog.c,libxml.h
chvalid.c,include/libxml/chvalid.h
chvalid.c,libxml.h
debugXML.c,include/libxml/HTMLparser.h
debugXML.c,include/libxml/HTMLtree.h
debugXML.c,include/libxml/debugXML.h
debugXML.c,include/libxml/parserInternals.h
debugXML.c,include/libxml/xmlerror.h
debugXML.c,include/libxml/xmlmemory.h
debugXML.c,include/private/error.h
debugXML.c,include/private/string.h
debugXML.c,libxml.h
dict.c,include/libxml/xmlmemory.h
dict.c,include/libxml/xmlstring.h
dict.c,include/private/error.h
dict.c,include/private/string.h
dict.c,libxml.h
encoding.c,include/libxml/HTMLparser.h
encoding.c,include/libxml/encoding.h
encoding.c,include/libxml/xmlerror.h
encoding.c,include/libxml/xmlmemory.h
encoding.c,include/private/buf.h
encoding.c,include/private/enc.h
encoding.c,include/private/error.h
encoding.c,include/private/string.h
encoding.c,libxml.h
encoding.c,os400/iconv/iconv.h
entities.c,include/libxml/hash.h
entities.c,include/libxml/parserInternals.h
entities.c,include/libxml/xmlerror.h
entities.c,include/libxml/xmlmemory.h
entities.c,include/libxml/xmlsave.h
entities.c,include/private/error.h
entities.c,include/private/string.h
entities.c,libxml.h
error.c,include/libxml/xmlerror.h
error.c,include/libxml/xmlmemory.h
error.c,include/private/error.h
error.c,include/private/string.h
error.c,libxml.h
example/gjobread.c,include/libxml/xmlmemory.h
example/gjobread.c,include/private/string.h
example/io1.c,include/libxml/xmlIO.h
example/io1.c,include/private/string.h
example/reader1.c,include/libxml/xmlreader.h
example/reader2.c,include/libxml/xmlreader.h
example/reader3.c,include/libxml/xmlreader.h
example/reader4.c,include/libxml/xmlreader.h
example/testWriter.c,include/libxml/encoding.h
example/testWriter.c,include/libxml/xmlwriter.h
example/testWriter.c,include/private/string.h
example/xpath1.c,include/libxml/xpathInternals.h
example/xpath1.c,include/private/string.h
example/xpath2.c,include/libxml/xpathInternals.h
example/xpath2.c,include/private/string.h
fuzz/api.c,fuzz/fuzz.h
fuzz/api.c,include/libxml/HTMLtree.h
fuzz/api.c,include/libxml/catalog.h
fuzz/api.c,include/libxml/xmlerror.h
fuzz/api.c,include/private/string.h
fuzz/fuzz.c,fuzz/fuzz.h
fuzz/fuzz.c,include/libxml/hash.h
fuzz/fuzz.c,include/libxml/parserInternals.h
fuzz/fuzz.c,include/libxml/xmlIO.h
fuzz/fuzz.c,include/private/string.h
fuzz/genSeed.c,fuzz/fuzz.h
fuzz/genSeed.c,include/libxml/HTMLparser.h
fuzz/genSeed.c,include/libxml/parserInternals.h
fuzz/genSeed.c,include/libxml/xmlschemas.h
fuzz/genSeed.c,include/private/string.h
fuzz/html.c,fuzz/fuzz.h
fuzz/html.c,include/libxml/HTMLparser.h
fuzz/html.c,include/libxml/HTMLtree.h
fuzz/html.c,include/libxml/catalog.h
fuzz/lint.c,fuzz/fuzz.h
fuzz/lint.c,include/libxml/catalog.h
fuzz/lint.c,include/libxml/xmlerror.h
fuzz/lint.c,include/libxml/xmlmemory.h
fuzz/lint.c,xmllint.c
fuzz/reader.c,fuzz/fuzz.h
fuzz/reader.c,include/libxml/catalog.h
fuzz/reader.c,include/libxml/xmlerror.h
fuzz/reader.c,include/libxml/xmlreader.h
fuzz/reader.c,include/libxml/xmlsave.h
fuzz/reader.c,include/private/string.h
fuzz/regexp.c,fuzz/fuzz.h
fuzz/regexp.c,include/libxml/xmlregexp.h
fuzz/schema.c,fuzz/fuzz.h
fuzz/schema.c,include/libxml/catalog.h
fuzz/schema.c,include/libxml/xmlschemas.h
fuzz/testFuzzer.c,fuzz/fuzz.h
fuzz/testFuzzer.c,fuzz/html.c
fuzz/testFuzzer.c,fuzz/reader.c
fuzz/testFuzzer.c,fuzz/regexp.c
fuzz/testFuzzer.c,fuzz/schema.c
fuzz/testFuzzer.c,fuzz/uri.c
fuzz/testFuzzer.c,fuzz/valid.c
fuzz/testFuzzer.c,fuzz/xinclude.c
fuzz/testFuzzer.c,fuzz/xml.c
fuzz/testFuzzer.c,fuzz/xpath.c
fuzz/testFuzzer.c,include/libxml/xmlstring.h
fuzz/testFuzzer.c,include/private/string.h
fuzz/uri.c,fuzz/fuzz.h
fuzz/uri.c,include/libxml/uri.h
fuzz/valid.c,fuzz/fuzz.h
fuzz/valid.c,include/libxml/catalog.h
fuzz/valid.c,include/libxml/xmlerror.h
fuzz/xinclude.c,fuzz/fuzz.h
fuzz/xinclude.c,include/libxml/catalog.h
fuzz/xinclude.c,include/libxml/xmlerror.h
fuzz/xml.c,fuzz/fuzz.h
fuzz/xml.c,include/libxml/catalog.h
fuzz/xml.c,include/libxml/xmlerror.h
fuzz/xml.c,include/libxml/xmlsave.h
fuzz/xpath.c,fuzz/fuzz.h
fuzz/xpath.c,include/libxml/catalog.h
fuzz/xpath.c,include/libxml/xpointer.h
globals.c,include/libxml/SAX.h
globals.c,include/libxml/SAX2.h
globals.c,include/libxml/xmlIO.h
globals.c,include/libxml/xmlerror.h
globals.c,include/libxml/xmlmemory.h
globals.c,include/private/error.h
globals.c,include/private/string.h
globals.c,libxml.h
hash.c,include/libxml/hash.h
hash.c,include/libxml/xmlmemory.h
hash.c,include/libxml/xmlstring.h
hash.c,include/private/string.h
hash.c,libxml.h
include/libxml/HTMLtree.h,include/libxml/HTMLparser.h
include/libxml/catalog.h,include/libxml/xmlstring.h
include/libxml/chvalid.h,include/libxml/xmlstring.h
include/libxml/dict.h,include/libxml/xmlstring.h
include/libxml/globals.h,include/libxml/HTMLparser.h
include/libxml/globals.h,include/libxml/xmlIO.h
include/libxml/globals.h,include/libxml/xmlerror.h
include/libxml/globals.h,include/libxml/xmlsave.h
include/libxml/hash.h,include/libxml/xmlstring.h
include/libxml/parser.h,include/libxml/SAX2.h
include/libxml/parser.h,include/libxml/encoding.h
include/libxml/parser.h,include/libxml/hash.h
include/libxml/parser.h,include/libxml/valid.h
include/libxml/parser.h,include/libxml/xmlIO.h
include/libxml/parser.h,include/libxml/xmlerror.h
include/libxml/parser.h,include/libxml/xmlmemory.h
include/libxml/parser.h,include/libxml/xmlstring.h
include/libxml/parserInternals.h,include/libxml/HTMLparser.h
include/libxml/parserInternals.h,include/libxml/SAX2.h
include/libxml/parserInternals.h,include/libxml/chvalid.h
include/libxml/relaxng.h,include/libxml/xmlerror.h
include/libxml/relaxng.h,include/libxml/xmlstring.h
include/libxml/schemasInternals.h,include/libxml/hash.h
include/libxml/schemasInternals.h,include/libxml/xmlregexp.h
include/libxml/schematron.h,include/libxml/xmlerror.h
include/libxml/tree.h,include/libxml/xmlmemory.h
include/libxml/tree.h,include/libxml/xmlregexp.h
include/libxml/tree.h,include/libxml/xmlstring.h
include/libxml/uri.h,include/libxml/xmlstring.h
include/libxml/valid.h,include/libxml/list.h
include/libxml/valid.h,include/libxml/xmlautomata.h
include/libxml/valid.h,include/libxml/xmlerror.h
include/libxml/valid.h,include/libxml/xmlregexp.h
include/libxml/xinclude.h,include/libxml/xmlerror.h
include/libxml/xmlIO.h,include/libxml/encoding.h
include/libxml/xmlautomata.h,include/libxml/xmlstring.h
include/libxml/xmlreader.h,include/libxml/relaxng.h
include/libxml/xmlreader.h,include/libxml/xmlIO.h
include/libxml/xmlreader.h,include/libxml/xmlerror.h
include/libxml/xmlreader.h,include/libxml/xmlschemas.h
include/libxml/xmlregexp.h,include/libxml/xmlstring.h
include/libxml/xmlsave.h,include/libxml/encoding.h
include/libxml/xmlsave.h,include/libxml/xmlIO.h
include/libxml/xmlschemas.h,include/libxml/encoding.h
include/libxml/xmlschemas.h,include/libxml/xmlerror.h
include/libxml/xmlschemastypes.h,include/libxml/schemasInternals.h
include/libxml/xmlschemastypes.h,include/libxml/xmlschemas.h
include/libxml/xmlwriter.h,include/libxml/list.h
include/libxml/xmlwriter.h,include/libxml/xmlIO.h
include/libxml/xmlwriter.h,include/libxml/xmlstring.h
include/libxml/xpath.h,include/libxml/hash.h
include/libxml/xpath.h,include/libxml/xmlerror.h
include/private/enc.h,include/libxml/encoding.h
include/private/entities.h,include/libxml/xmlstring.h
include/private/error.h,include/libxml/xmlerror.h
include/private/io.h,include/libxml/encoding.h
include/private/regexp.h,include/libxml/xmlautomata.h
include/private/save.h,include/libxml/xmlsave.h
include/private/string.h,include/libxml/xmlstring.h
legacy.c,include/private/string.h
legacy.c,libxml.h
list.c,include/libxml/list.h
list.c,include/libxml/xmlerror.h
list.c,include/libxml/xmlmemory.h
list.c,include/private/string.h
list.c,libxml.h
nanohttp.c,include/libxml/nanohttp.h
nanohttp.c,include/libxml/uri.h
nanohttp.c,include/libxml/xmlerror.h
nanohttp.c,include/libxml/xmlmemory.h
nanohttp.c,include/private/error.h
nanohttp.c,include/private/io.h
nanohttp.c,include/private/string.h
nanohttp.c,include/wsockcompat.h
nanohttp.c,libxml.h
os400/dlfcn/dlfcn.c,include/libxml/hash.h
os400/dlfcn/dlfcn.c,include/private/string.h
os400/dlfcn/dlfcn.c,os400/dlfcn/dlfcn.h
os400/iconv/bldcsndfa/bldcsndfa.c,include/libxml/hash.h
os400/iconv/bldcsndfa/bldcsndfa.c,include/libxml/xpathInternals.h
os400/iconv/bldcsndfa/bldcsndfa.c,include/private/string.h
os400/iconv/bldcsndfa/bldcsndfa.c,os400/iconv/iconv.h
os400/iconv/iconv.c,os400/iconv/ianatables.c
os400/iconv/iconv.c,os400/iconv/iconv.h
os400/libxmlmain.c,include/private/string.h
os400/libxmlmain.c,os400/iconv/iconv.h
os400/rpgsupport.c,include/libxml/HTMLparser.h
os400/rpgsupport.c,include/libxml/xmlmemory.h
os400/rpgsupport.c,os400/rpgsupport.h
os400/rpgsupport.h,include/libxml/HTMLparser.h
os400/rpgsupport.h,include/libxml/xmlmemory.h
os400/transcode.c,include/libxml/xmlmemory.h
os400/transcode.c,libxml.h
os400/transcode.c,os400/iconv/iconv.h
os400/transcode.c,os400/transcode.h
os400/wrappers.c,include/libxml/xmlmemory.h
os400/wrappers.c,os400/dlfcn/dlfcn.h
os400/wrappers.c,os400/transcode.h
os400/wrappers.h,os400/dlfcn/dlfcn.h
os400/xmlcatlgcl.c,include/private/string.h
os400/xmllintcl.c,include/private/string.h
parser.c,include/libxml/SAX2.h
parser.c,include/libxml/catalog.h
parser.c,include/libxml/encoding.h
parser.c,include/libxml/parserInternals.h
parser.c,include/libxml/uri.h
parser.c,include/libxml/valid.h
parser.c,include/libxml/xmlIO.h
parser.c,include/libxml/xmlerror.h
parser.c,include/libxml/xmlmemory.h
parser.c,include/private/buf.h
parser.c,include/private/error.h
parser.c,include/private/html.h
parser.c,include/private/io.h
parser.c,include/private/string.h
parser.c,libxml.h
parserInternals.c,include/libxml/catalog.h
parserInternals.c,include/libxml/chvalid.h
parserInternals.c,include/libxml/encoding.h
parserInternals.c,include/libxml/nanohttp.h
parserInternals.c,include/libxml/parserInternals.h
parserInternals.c,include/libxml/uri.h
parserInternals.c,include/libxml/xmlIO.h
parserInternals.c,include/libxml/xmlerror.h
parserInternals.c,include/libxml/xmlmemory.h
parserInternals.c,include/libxml/xmlsave.h
parserInternals.c,include/private/buf.h
parserInternals.c,include/private/enc.h
parserInternals.c,include/private/error.h
parserInternals.c,include/private/io.h
parserInternals.c,include/private/string.h
parserInternals.c,libxml.h
pattern.c,include/libxml/parserInternals.h
pattern.c,include/libxml/pattern.h
pattern.c,include/libxml/xmlerror.h
pattern.c,include/libxml/xmlmemory.h
pattern.c,include/private/string.h
pattern.c,libxml.h
python/libxml.c,include/libxml/c14n.h
python/libxml.c,include/libxml/xmlIO.h
python/libxml.c,include/libxml/xmlerror.h
python/libxml.c,include/libxml/xmlmemory.h
python/libxml.c,include/libxml/xmlreader.h
python/libxml.c,include/libxml/xmlsave.h
python/libxml.c,include/libxml/xpathInternals.h
python/libxml.c,python/libxml_wrap.h
python/libxml_wrap.h,include/libxml/HTMLparser.h
python/libxml_wrap.h,include/libxml/HTMLtree.h
python/libxml_wrap.h,include/libxml/catalog.h
python/libxml_wrap.h,include/libxml/debugXML.h
python/libxml_wrap.h,include/libxml/nanohttp.h
python/libxml_wrap.h,include/libxml/parserInternals.h
python/libxml_wrap.h,include/libxml/relaxng.h
python/libxml_wrap.h,include/libxml/uri.h
python/libxml_wrap.h,include/libxml/xmlautomata.h
python/libxml_wrap.h,include/libxml/xmlreader.h
python/libxml_wrap.h,include/libxml/xmlregexp.h
python/libxml_wrap.h,include/libxml/xmlsave.h
python/libxml_wrap.h,include/libxml/xmlschemas.h
python/libxml_wrap.h,include/libxml/xmlunicode.h
python/libxml_wrap.h,include/libxml/xpathInternals.h
python/libxml_wrap.h,include/libxml/xpointer.h
python/types.c,include/libxml/xpathInternals.h
python/types.c,include/private/string.h
python/types.c,python/libxml_wrap.h
relaxng.c,include/libxml/hash.h
relaxng.c,include/libxml/parserInternals.h
relaxng.c,include/libxml/relaxng.h
relaxng.c,include/libxml/uri.h
relaxng.c,include/libxml/xmlautomata.h
relaxng.c,include/libxml/xmlmemory.h
relaxng.c,include/libxml/xmlregexp.h
relaxng.c,include/libxml/xmlschemastypes.h
relaxng.c,include/private/error.h
relaxng.c,include/private/regexp.h
relaxng.c,include/private/string.h
relaxng.c,libxml.h
runsuite.c,include/libxml/catalog.h
runsuite.c,include/libxml/parserInternals.h
runsuite.c,include/libxml/relaxng.h
runsuite.c,include/libxml/uri.h
runsuite.c,include/libxml/xmlreader.h
runsuite.c,include/libxml/xmlschemas.h
runsuite.c,include/libxml/xmlschemastypes.h
runsuite.c,include/libxml/xpathInternals.h
runsuite.c,include/private/string.h
runsuite.c,libxml.h
runtest.c,include/libxml/HTMLparser.h
runtest.c,include/libxml/HTMLtree.h
runtest.c,include/libxml/c14n.h
runtest.c,include/libxml/catalog.h
runtest.c,include/libxml/encoding.h
runtest.c,include/libxml/parserInternals.h
runtest.c,include/libxml/pattern.h
runtest.c,include/libxml/relaxng.h
runtest.c,include/libxml/schematron.h
runtest.c,include/libxml/uri.h
runtest.c,include/libxml/xmlreader.h
runtest.c,include/libxml/xmlsave.h
runtest.c,include/libxml/xmlschemas.h
runtest.c,include/libxml/xmlschemastypes.h
runtest.c,include/libxml/xpathInternals.h
runtest.c,include/libxml/xpointer.h
runtest.c,include/private/io.h
runtest.c,include/private/string.h
runtest.c,libxml.h
runxmlconf.c,include/libxml/catalog.h
runxmlconf.c,include/libxml/parserInternals.h
runxmlconf.c,include/libxml/uri.h
runxmlconf.c,include/libxml/xmlreader.h
runxmlconf.c,include/libxml/xpathInternals.h
runxmlconf.c,include/private/string.h
runxmlconf.c,libxml.h
schematron.c,include/libxml/pattern.h
schematron.c,include/libxml/schematron.h
schematron.c,include/libxml/uri.h
schematron.c,include/libxml/xpathInternals.h
schematron.c,include/private/error.h
schematron.c,include/private/string.h
schematron.c,libxml.h
shell.c,include/libxml/HTMLtree.h
shell.c,include/libxml/debugXML.h
shell.c,include/libxml/relaxng.h
shell.c,include/libxml/uri.h
shell.c,include/libxml/xpathInternals.h
shell.c,include/private/io.h
shell.c,include/private/shell.h
shell.c,include/private/string.h
shell.c,libxml.h
testModule.c,include/libxml/debugXML.h
testModule.c,include/libxml/xmlmemory.h
testModule.c,include/libxml/xmlmodule.h
testModule.c,include/private/string.h
testModule.c,libxml.h
testapi.c,include/libxml/HTMLparser.h
testapi.c,include/libxml/HTMLtree.h
testapi.c,include/libxml/SAX2.h
testapi.c,include/libxml/c14n.h
testapi.c,include/libxml/catalog.h
testapi.c,include/libxml/chvalid.h
testapi.c,include/libxml/debugXML.h
testapi.c,include/libxml/encoding.h
testapi.c,include/libxml/hash.h
testapi.c,include/libxml/list.h
testapi.c,include/libxml/nanohttp.h
testapi.c,include/libxml/parserInternals.h
testapi.c,include/libxml/pattern.h
testapi.c,include/libxml/relaxng.h
testapi.c,include/libxml/schemasInternals.h
testapi.c,include/libxml/schematron.h
testapi.c,include/libxml/uri.h
testapi.c,include/libxml/valid.h
testapi.c,include/libxml/xmlIO.h
testapi.c,include/libxml/xmlautomata.h
testapi.c,include/libxml/xmlerror.h
testapi.c,include/libxml/xmlmodule.h
testapi.c,include/libxml/xmlreader.h
testapi.c,include/libxml/xmlregexp.h
testapi.c,include/libxml/xmlsave.h
testapi.c,include/libxml/xmlschemas.h
testapi.c,include/libxml/xmlschemastypes.h
testapi.c,include/libxml/xmlstring.h
testapi.c,include/libxml/xmlwriter.h
testapi.c,include/libxml/xpathInternals.h
testapi.c,include/libxml/xpointer.h
testapi.c,include/private/string.h
testapi.c,libxml.h
testchar.c,include/libxml/parserInternals.h
testchar.c,include/private/string.h
testdict.c,include/private/string.h
testdso.c,include/libxml/xmlexports.h
testlimits.c,include/libxml/catalog.h
testlimits.c,include/libxml/parserInternals.h
testlimits.c,include/libxml/uri.h
testlimits.c,include/libxml/xmlIO.h
testlimits.c,include/libxml/xmlreader.h
testlimits.c,include/private/string.h
testlimits.c,libxml.h
testparser.c,include/libxml/HTMLparser.h
testparser.c,include/libxml/parserInternals.h
testparser.c,include/libxml/uri.h
testparser.c,include/libxml/xmlreader.h
testparser.c,include/libxml/xmlsave.h
testparser.c,include/libxml/xmlwriter.h
testparser.c,include/private/string.h
testparser.c,libxml.h
testrecurse.c,include/libxml/catalog.h
testrecurse.c,include/libxml/parserInternals.h
testrecurse.c,include/libxml/uri.h
testrecurse.c,include/libxml/xmlIO.h
testrecurse.c,include/private/string.h
testrecurse.c,libxml.h
threads.c,include/libxml/catalog.h
threads.c,include/libxml/relaxng.h
threads.c,include/libxml/xmlschemastypes.h
threads.c,include/private/cata.h
threads.c,include/private/enc.h
threads.c,include/private/error.h
threads.c,include/private/io.h
threads.c,include/private/memory.h
threads.c,include/private/string.h
threads.c,libxml.h
timsort.h,include/private/string.h
tree.c,include/libxml/HTMLtree.h
tree.c,include/libxml/debugXML.h
tree.c,include/libxml/hash.h
tree.c,include/libxml/parserInternals.h
tree.c,include/libxml/uri.h
tree.c,include/libxml/xmlerror.h
tree.c,include/libxml/xmlmemory.h
tree.c,include/private/buf.h
tree.c,include/private/error.h
tree.c,include/private/string.h
tree.c,libxml.h
uri.c,include/libxml/uri.h
uri.c,include/libxml/xmlerror.h
uri.c,include/libxml/xmlmemory.h
uri.c,include/private/error.h
uri.c,include/private/string.h
uri.c,libxml.h
valid.c,include/libxml/hash.h
valid.c,include/libxml/list.h
valid.c,include/libxml/parserInternals.h
valid.c,include/libxml/uri.h
valid.c,include/libxml/valid.h
valid.c,include/libxml/xmlerror.h
valid.c,include/libxml/xmlmemory.h
valid.c,include/libxml/xmlsave.h
valid.c,include/private/error.h
valid.c,include/private/regexp.h
valid.c,include/private/save.h
valid.c,include/private/string.h
valid.c,libxml.h
xinclude.c,include/libxml/encoding.h
xinclude.c,include/libxml/parserInternals.h
xinclude.c,include/libxml/uri.h
xinclude.c,include/libxml/xmlerror.h
xinclude.c,include/libxml/xmlmemory.h
xinclude.c,include/libxml/xpointer.h
xinclude.c,include/private/buf.h
xinclude.c,include/private/error.h
xinclude.c,include/private/string.h
xinclude.c,libxml.h
xlink.c,include/libxml/xlink.h
xlink.c,include/libxml/xmlmemory.h
xlink.c,include/private/string.h
xlink.c,libxml.h
xmlIO.c,include/libxml/catalog.h
xmlIO.c,include/libxml/nanohttp.h
xmlIO.c,include/libxml/parserInternals.h
xmlIO.c,include/libxml/uri.h
xmlIO.c,include/libxml/xmlIO.h
xmlIO.c,include/libxml/xmlerror.h
xmlIO.c,include/libxml/xmlmemory.h
xmlIO.c,include/private/buf.h
xmlIO.c,include/private/enc.h
xmlIO.c,include/private/error.h
xmlIO.c,include/private/io.h
xmlIO.c,include/private/string.h
xmlIO.c,include/private/xzlib.h
xmlIO.c,libxml.h
xmlcatalog.c,include/libxml/catalog.h
xmlcatalog.c,include/libxml/uri.h
xmlcatalog.c,include/libxml/xmlmemory.h
xmlcatalog.c,include/private/io.h
xmlcatalog.c,include/private/string.h
xmlcatalog.c,libxml.h
xmllint.c,include/libxml/HTMLparser.h
xmllint.c,include/libxml/HTMLtree.h
xmllint.c,include/libxml/c14n.h
xmllint.c,include/libxml/catalog.h
xmllint.c,include/libxml/debugXML.h
xmllint.c,include/libxml/parserInternals.h
xmllint.c,include/libxml/pattern.h
xmllint.c,include/libxml/relaxng.h
xmllint.c,include/libxml/schematron.h
xmllint.c,include/libxml/xmlerror.h
xmllint.c,include/libxml/xmlmemory.h
xmllint.c,include/libxml/xmlreader.h
xmllint.c,include/libxml/xmlsave.h
xmllint.c,include/libxml/xmlschemas.h
xmllint.c,include/private/io.h
xmllint.c,include/private/shell.h
xmllint.c,include/private/string.h
xmllint.c,libxml.h
xmlmemory.c,include/libxml/xmlerror.h
xmlmemory.c,include/libxml/xmlmemory.h
xmlmemory.c,include/private/error.h
xmlmemory.c,include/private/memory.h
xmlmemory.c,include/private/string.h
xmlmemory.c,libxml.h
xmlmodule.c,include/libxml/xmlerror.h
xmlmodule.c,include/libxml/xmlmemory.h
xmlmodule.c,include/libxml/xmlmodule.h
xmlmodule.c,include/libxml/xmlstring.h
xmlmodule.c,include/private/error.h
xmlmodule.c,include/private/string.h
xmlmodule.c,libxml.h
xmlmodule.c,os400/dlfcn/dlfcn.h
xmlreader.c,include/libxml/parserInternals.h
xmlreader.c,include/libxml/pattern.h
xmlreader.c,include/libxml/relaxng.h
xmlreader.c,include/libxml/uri.h
xmlreader.c,include/libxml/xmlIO.h
xmlreader.c,include/libxml/xmlmemory.h
xmlreader.c,include/libxml/xmlreader.h
xmlreader.c,include/libxml/xmlschemas.h
xmlreader.c,include/private/buf.h
xmlreader.c,include/private/error.h
xmlreader.c,include/private/string.h
xmlreader.c,libxml.h
xmlregexp.c,include/libxml/parserInternals.h
xmlregexp.c,include/libxml/xmlautomata.h
xmlregexp.c,include/libxml/xmlregexp.h
xmlregexp.c,include/libxml/xmlunicode.h
xmlregexp.c,include/private/error.h
xmlregexp.c,include/private/regexp.h
xmlregexp.c,include/private/string.h
xmlregexp.c,libxml.h
xmlsave.c,include/libxml/HTMLtree.h
xmlsave.c,include/libxml/parserInternals.h
xmlsave.c,include/libxml/xmlmemory.h
xmlsave.c,include/libxml/xmlsave.h
xmlsave.c,include/private/buf.h
xmlsave.c,include/private/enc.h
xmlsave.c,include/private/error.h
xmlsave.c,include/private/io.h
xmlsave.c,include/private/save.h
xmlsave.c,include/private/string.h
xmlsave.c,libxml.h
xmlschemas.c,include/libxml/encoding.h
xmlschemas.c,include/libxml/hash.h
xmlschemas.c,include/libxml/parserInternals.h
xmlschemas.c,include/libxml/pattern.h
xmlschemas.c,include/libxml/schemasInternals.h
xmlschemas.c,include/libxml/uri.h
xmlschemas.c,include/libxml/xmlIO.h
xmlschemas.c,include/libxml/xmlautomata.h
xmlschemas.c,include/libxml/xmlmemory.h
xmlschemas.c,include/libxml/xmlreader.h
xmlschemas.c,include/libxml/xmlregexp.h
xmlschemas.c,include/libxml/xmlschemas.h
xmlschemas.c,include/libxml/xmlschemastypes.h
xmlschemas.c,include/private/error.h
xmlschemas.c,include/private/string.h
xmlschemas.c,libxml.h
xmlschemastypes.c,include/libxml/hash.h
xmlschemastypes.c,include/libxml/parserInternals.h
xmlschemastypes.c,include/libxml/schemasInternals.h
xmlschemastypes.c,include/libxml/uri.h
xmlschemastypes.c,include/libxml/xmlmemory.h
xmlschemastypes.c,include/libxml/xmlschemas.h
xmlschemastypes.c,include/libxml/xmlschemastypes.h
xmlschemastypes.c,include/private/error.h
xmlschemastypes.c,include/private/string.h
xmlschemastypes.c,libxml.h
xmlstring.c,include/libxml/parserInternals.h
xmlstring.c,include/libxml/xmlmemory.h
xmlstring.c,include/libxml/xmlstring.h
xmlstring.c,include/private/string.h
xmlstring.c,libxml.h
xmlunicode.c,include/libxml/chvalid.h
xmlunicode.c,include/libxml/xmlunicode.h
xmlunicode.c,include/private/string.h
xmlunicode.c,libxml.h
xmlwriter.c,include/libxml/HTMLtree.h
xmlwriter.c,include/libxml/SAX2.h
xmlwriter.c,include/libxml/parserInternals.h
xmlwriter.c,include/libxml/uri.h
xmlwriter.c,include/libxml/xmlmemory.h
xmlwriter.c,include/libxml/xmlwriter.h
xmlwriter.c,include/private/buf.h
xmlwriter.c,include/private/enc.h
xmlwriter.c,include/private/error.h
xmlwriter.c,include/private/save.h
xmlwriter.c,include/private/string.h
xmlwriter.c,libxml.h
xpath.c,include/libxml/debugXML.h
xpath.c,include/libxml/hash.h
xpath.c,include/libxml/parserInternals.h
xpath.c,include/libxml/pattern.h
xpath.c,include/libxml/xmlerror.h
xpath.c,include/libxml/xmlmemory.h
xpath.c,include/libxml/xpathInternals.h
xpath.c,include/private/buf.h
xpath.c,include/private/error.h
xpath.c,include/private/string.h
xpath.c,libxml.h
xpath.c,timsort.h
xpointer.c,include/libxml/parserInternals.h
xpointer.c,include/libxml/uri.h
xpointer.c,include/libxml/xmlerror.h
xpointer.c,include/libxml/xmlmemory.h
xpointer.c,include/libxml/xpathInternals.h
xpointer.c,include/libxml/xpointer.h
xpointer.c,include/private/error.h
xpointer.c,include/private/string.h
xpointer.c,libxml.h
xzlib.c,include/libxml/xmlmemory.h
xzlib.c,include/private/io.h
xzlib.c,include/private/string.h
xzlib.c,include/private/xzlib.h
xzlib.c,libxml.h
