id,path,license
buf.c,buf.c,autonomous
c14n.c,c14n.c,autonomous
catalog.c,catalog.c,autonomous
chvalid.c,chvalid.c,autonomous
debugXML.c,debugXML.c,autonomous
dict.c,dict.c,autonomous
encoding.c,encoding.c,autonomous
entities.c,entities.c,autonomous
error.c,error.c,autonomous
globals.c,globals.c,autonomous
hash.c,hash.c,autonomous
HTMLparser.c,HTMLparser.c,autonomous
HTMLtree.c,HTMLtree.c,autonomous
legacy.c,legacy.c,autonomous
libxml.h,libxml.h,autonomous
list.c,list.c,autonomous
nanohttp.c,nanohttp.c,autonomous
parser.c,parser.c,autonomous
parserInternals.c,parserInternals.c,autonomous
pattern.c,pattern.c,autonomous
relaxng.c,relaxng.c,autonomous
runsuite.c,runsuite.c,autonomous
runtest.c,runtest.c,autonomous
runxmlconf.c,runxmlconf.c,autonomous
SAX2.c,SAX2.c,autonomous
schematron.c,schematron.c,autonomous
shell.c,shell.c,autonomous
testapi.c,testapi.c,autonomous
testchar.c,testchar.c,autonomous
testdict.c,testdict.c,autonomous
testdso.c,testdso.c,autonomous
testlimits.c,testlimits.c,autonomous
testModule.c,testModule.c,autonomous
testparser.c,testparser.c,autonomous
testrecurse.c,testrecurse.c,autonomous
threads.c,threads.c,autonomous
timsort.h,timsort.h,autonomous
tree.c,tree.c,autonomous
uri.c,uri.c,autonomous
valid.c,valid.c,autonomous
xinclude.c,xinclude.c,autonomous
xlink.c,xlink.c,autonomous
xmlcatalog.c,xmlcatalog.c,autonomous
xmlIO.c,xmlIO.c,autonomous
xmllint.c,xmllint.c,autonomous
xmlmemory.c,xmlmemory.c,autonomous
xmlmodule.c,xmlmodule.c,autonomous
xmlreader.c,xmlreader.c,autonomous
xmlregexp.c,xmlregexp.c,autonomous
xmlsave.c,xmlsave.c,autonomous
xmlschemas.c,xmlschemas.c,autonomous
xmlschemastypes.c,xmlschemastypes.c,autonomous
xmlstring.c,xmlstring.c,autonomous
xmlunicode.c,xmlunicode.c,autonomous
xmlwriter.c,xmlwriter.c,autonomous
xpath.c,xpath.c,autonomous
xpointer.c,xpointer.c,autonomous
xzlib.c,xzlib.c,autonomous
example/gjobread.c,example/gjobread.c,autonomous
example/io1.c,example/io1.c,autonomous
example/io2.c,example/io2.c,autonomous
example/parse1.c,example/parse1.c,autonomous
example/parse2.c,example/parse2.c,autonomous
example/parse3.c,example/parse3.c,autonomous
example/parse4.c,example/parse4.c,autonomous
example/reader1.c,example/reader1.c,autonomous
example/reader2.c,example/reader2.c,autonomous
example/reader3.c,example/reader3.c,autonomous
example/reader4.c,example/reader4.c,autonomous
example/testWriter.c,example/testWriter.c,autonomous
example/tree1.c,example/tree1.c,autonomous
example/tree2.c,example/tree2.c,autonomous
example/xpath1.c,example/xpath1.c,autonomous
example/xpath2.c,example/xpath2.c,autonomous
fuzz/api.c,fuzz/api.c,autonomous
fuzz/fuzz.c,fuzz/fuzz.c,autonomous
fuzz/fuzz.h,fuzz/fuzz.h,autonomous
fuzz/genSeed.c,fuzz/genSeed.c,autonomous
fuzz/html.c,fuzz/html.c,autonomous
fuzz/lint.c,fuzz/lint.c,autonomous
fuzz/reader.c,fuzz/reader.c,autonomous
fuzz/regexp.c,fuzz/regexp.c,autonomous
fuzz/schema.c,fuzz/schema.c,autonomous
fuzz/testFuzzer.c,fuzz/testFuzzer.c,autonomous
fuzz/uri.c,fuzz/uri.c,autonomous
fuzz/valid.c,fuzz/valid.c,autonomous
fuzz/xinclude.c,fuzz/xinclude.c,autonomous
fuzz/xml.c,fuzz/xml.c,autonomous
fuzz/xpath.c,fuzz/xpath.c,autonomous
include/wsockcompat.h,include/wsockcompat.h,autonomous
include/libxml/c14n.h,include/libxml/c14n.h,autonomous
include/libxml/catalog.h,include/libxml/catalog.h,autonomous
include/libxml/chvalid.h,include/libxml/chvalid.h,autonomous
include/libxml/debugXML.h,include/libxml/debugXML.h,autonomous
include/libxml/dict.h,include/libxml/dict.h,autonomous
include/libxml/encoding.h,include/libxml/encoding.h,autonomous
include/libxml/entities.h,include/libxml/entities.h,autonomous
include/libxml/globals.h,include/libxml/globals.h,autonomous
include/libxml/hash.h,include/libxml/hash.h,autonomous
include/libxml/HTMLparser.h,include/libxml/HTMLparser.h,autonomous
include/libxml/HTMLtree.h,include/libxml/HTMLtree.h,autonomous
include/libxml/list.h,include/libxml/list.h,autonomous
include/libxml/nanoftp.h,include/libxml/nanoftp.h,autonomous
include/libxml/nanohttp.h,include/libxml/nanohttp.h,autonomous
include/libxml/parser.h,include/libxml/parser.h,autonomous
include/libxml/parserInternals.h,include/libxml/parserInternals.h,autonomous
include/libxml/pattern.h,include/libxml/pattern.h,autonomous
include/libxml/relaxng.h,include/libxml/relaxng.h,autonomous
include/libxml/SAX.h,include/libxml/SAX.h,autonomous
include/libxml/SAX2.h,include/libxml/SAX2.h,autonomous
include/libxml/schemasInternals.h,include/libxml/schemasInternals.h,autonomous
include/libxml/schematron.h,include/libxml/schematron.h,autonomous
include/libxml/threads.h,include/libxml/threads.h,autonomous
include/libxml/tree.h,include/libxml/tree.h,autonomous
include/libxml/uri.h,include/libxml/uri.h,autonomous
include/libxml/valid.h,include/libxml/valid.h,autonomous
include/libxml/xinclude.h,include/libxml/xinclude.h,autonomous
include/libxml/xlink.h,include/libxml/xlink.h,autonomous
include/libxml/xmlautomata.h,include/libxml/xmlautomata.h,autonomous
include/libxml/xmlerror.h,include/libxml/xmlerror.h,autonomous
include/libxml/xmlexports.h,include/libxml/xmlexports.h,autonomous
include/libxml/xmlIO.h,include/libxml/xmlIO.h,autonomous
include/libxml/xmlmemory.h,include/libxml/xmlmemory.h,autonomous
include/libxml/xmlmodule.h,include/libxml/xmlmodule.h,autonomous
include/libxml/xmlreader.h,include/libxml/xmlreader.h,autonomous
include/libxml/xmlregexp.h,include/libxml/xmlregexp.h,autonomous
include/libxml/xmlsave.h,include/libxml/xmlsave.h,autonomous
include/libxml/xmlschemas.h,include/libxml/xmlschemas.h,autonomous
include/libxml/xmlschemastypes.h,include/libxml/xmlschemastypes.h,autonomous
include/libxml/xmlstring.h,include/libxml/xmlstring.h,autonomous
include/libxml/xmlunicode.h,include/libxml/xmlunicode.h,autonomous
include/libxml/xmlwriter.h,include/libxml/xmlwriter.h,autonomous
include/libxml/xpath.h,include/libxml/xpath.h,autonomous
include/libxml/xpathInternals.h,include/libxml/xpathInternals.h,autonomous
include/libxml/xpointer.h,include/libxml/xpointer.h,autonomous
include/private/buf.h,include/private/buf.h,autonomous
include/private/cata.h,include/private/cata.h,autonomous
include/private/dict.h,include/private/dict.h,autonomous
include/private/enc.h,include/private/enc.h,autonomous
include/private/entities.h,include/private/entities.h,autonomous
include/private/error.h,include/private/error.h,autonomous
include/private/globals.h,include/private/globals.h,autonomous
include/private/html.h,include/private/html.h,autonomous
include/private/io.h,include/private/io.h,autonomous
include/private/memory.h,include/private/memory.h,autonomous
include/private/parser.h,include/private/parser.h,autonomous
include/private/regexp.h,include/private/regexp.h,autonomous
include/private/save.h,include/private/save.h,autonomous
include/private/shell.h,include/private/shell.h,autonomous
include/private/string.h,include/private/string.h,autonomous
include/private/threads.h,include/private/threads.h,autonomous
include/private/tree.h,include/private/tree.h,autonomous
include/private/xinclude.h,include/private/xinclude.h,autonomous
include/private/xpath.h,include/private/xpath.h,autonomous
include/private/xzlib.h,include/private/xzlib.h,autonomous
os400/libxmlmain.c,os400/libxmlmain.c,autonomous
os400/rpgsupport.c,os400/rpgsupport.c,autonomous
os400/rpgsupport.h,os400/rpgsupport.h,autonomous
os400/transcode.c,os400/transcode.c,autonomous
os400/transcode.h,os400/transcode.h,autonomous
os400/wrappers.c,os400/wrappers.c,autonomous
os400/wrappers.h,os400/wrappers.h,autonomous
os400/xmlcatlgcl.c,os400/xmlcatlgcl.c,autonomous
os400/xmllintcl.c,os400/xmllintcl.c,autonomous
os400/dlfcn/dlfcn.c,os400/dlfcn/dlfcn.c,autonomous
os400/dlfcn/dlfcn.h,os400/dlfcn/dlfcn.h,autonomous
os400/iconv/ianatables.c,os400/iconv/ianatables.c,autonomous
os400/iconv/iconv.c,os400/iconv/iconv.c,autonomous
os400/iconv/iconv.h,os400/iconv/iconv.h,autonomous
os400/iconv/bldcsndfa/bldcsndfa.c,os400/iconv/bldcsndfa/bldcsndfa.c,autonomous
python/libxml.c,python/libxml.c,autonomous
python/libxml_wrap.h,python/libxml_wrap.h,autonomous
python/types.c,python/types.c,autonomous
win32/win32config.h,win32/win32config.h,autonomous
