id,path,license
common/include/constants/distributed_camera_constants.h,common/include/constants/distributed_camera_constants.h,autonomous
common/include/constants/distributed_camera_errno.h,common/include/constants/distributed_camera_errno.h,autonomous
common/include/utils/data_buffer.h,common/include/utils/data_buffer.h,autonomous
common/include/utils/dcamera_buffer_handle.h,common/include/utils/dcamera_buffer_handle.h,autonomous
common/include/utils/dcamera_hisysevent_adapter.h,common/include/utils/dcamera_hisysevent_adapter.h,autonomous
common/include/utils/dcamera_hitrace_adapter.h,common/include/utils/dcamera_hitrace_adapter.h,autonomous
common/include/utils/dcamera_index.h,common/include/utils/dcamera_index.h,autonomous
common/include/utils/dcamera_sa_process_state.h,common/include/utils/dcamera_sa_process_state.h,autonomous
common/include/utils/dcamera_utils_tools.h,common/include/utils/dcamera_utils_tools.h,autonomous
common/src/utils/data_buffer.cpp,common/src/utils/data_buffer.cpp,Apache-2.0
common/src/utils/dcamera_buffer_handle.cpp,common/src/utils/dcamera_buffer_handle.cpp,Apache-2.0
common/src/utils/dcamera_hisysevent_adapter.cpp,common/src/utils/dcamera_hisysevent_adapter.cpp,Apache-2.0
common/src/utils/dcamera_hitrace_adapter.cpp,common/src/utils/dcamera_hitrace_adapter.cpp,Apache-2.0
common/src/utils/dcamera_sa_process_state.cpp,common/src/utils/dcamera_sa_process_state.cpp,Apache-2.0
common/src/utils/dcamera_utils_tools.cpp,common/src/utils/dcamera_utils_tools.cpp,Apache-2.0
interfaces/inner_kits/native_cpp/camera_sink/include/dcamera_sink_handler.h,interfaces/inner_kits/native_cpp/camera_sink/include/dcamera_sink_handler.h,autonomous
interfaces/inner_kits/native_cpp/camera_sink/include/dcamera_sink_handler_ipc.h,interfaces/inner_kits/native_cpp/camera_sink/include/dcamera_sink_handler_ipc.h,autonomous
interfaces/inner_kits/native_cpp/camera_sink/include/dcamera_sink_load_callback.h,interfaces/inner_kits/native_cpp/camera_sink/include/dcamera_sink_load_callback.h,autonomous
interfaces/inner_kits/native_cpp/camera_sink/include/distributed_camera_sink_proxy.h,interfaces/inner_kits/native_cpp/camera_sink/include/distributed_camera_sink_proxy.h,autonomous
interfaces/inner_kits/native_cpp/camera_sink/include/idistributed_camera_sink.h,interfaces/inner_kits/native_cpp/camera_sink/include/idistributed_camera_sink.h,autonomous
interfaces/inner_kits/native_cpp/camera_sink/src/dcamera_sink_handler.cpp,interfaces/inner_kits/native_cpp/camera_sink/src/dcamera_sink_handler.cpp,Apache-2.0
interfaces/inner_kits/native_cpp/camera_sink/src/dcamera_sink_handler_ipc.cpp,interfaces/inner_kits/native_cpp/camera_sink/src/dcamera_sink_handler_ipc.cpp,Apache-2.0
interfaces/inner_kits/native_cpp/camera_sink/src/dcamera_sink_load_callback.cpp,interfaces/inner_kits/native_cpp/camera_sink/src/dcamera_sink_load_callback.cpp,Apache-2.0
interfaces/inner_kits/native_cpp/camera_sink/src/distributed_camera_sink_proxy.cpp,interfaces/inner_kits/native_cpp/camera_sink/src/distributed_camera_sink_proxy.cpp,Apache-2.0
interfaces/inner_kits/native_cpp/camera_source/include/dcamera_source_handler.h,interfaces/inner_kits/native_cpp/camera_source/include/dcamera_source_handler.h,autonomous
interfaces/inner_kits/native_cpp/camera_source/include/dcamera_source_handler_ipc.h,interfaces/inner_kits/native_cpp/camera_source/include/dcamera_source_handler_ipc.h,autonomous
interfaces/inner_kits/native_cpp/camera_source/include/dcamera_source_load_callback.h,interfaces/inner_kits/native_cpp/camera_source/include/dcamera_source_load_callback.h,autonomous
interfaces/inner_kits/native_cpp/camera_source/include/distributed_camera_source_proxy.h,interfaces/inner_kits/native_cpp/camera_source/include/distributed_camera_source_proxy.h,autonomous
interfaces/inner_kits/native_cpp/camera_source/include/idistributed_camera_source.h,interfaces/inner_kits/native_cpp/camera_source/include/idistributed_camera_source.h,autonomous
interfaces/inner_kits/native_cpp/camera_source/include/callback/dcamera_source_callback.h,interfaces/inner_kits/native_cpp/camera_source/include/callback/dcamera_source_callback.h,autonomous
interfaces/inner_kits/native_cpp/camera_source/include/callback/dcamera_source_callback_stub.h,interfaces/inner_kits/native_cpp/camera_source/include/callback/dcamera_source_callback_stub.h,autonomous
interfaces/inner_kits/native_cpp/camera_source/include/callback/idcamera_source_callback.h,interfaces/inner_kits/native_cpp/camera_source/include/callback/idcamera_source_callback.h,autonomous
interfaces/inner_kits/native_cpp/camera_source/src/dcamera_source_handler.cpp,interfaces/inner_kits/native_cpp/camera_source/src/dcamera_source_handler.cpp,Apache-2.0
interfaces/inner_kits/native_cpp/camera_source/src/dcamera_source_handler_ipc.cpp,interfaces/inner_kits/native_cpp/camera_source/src/dcamera_source_handler_ipc.cpp,Apache-2.0
interfaces/inner_kits/native_cpp/camera_source/src/dcamera_source_load_callback.cpp,interfaces/inner_kits/native_cpp/camera_source/src/dcamera_source_load_callback.cpp,Apache-2.0
interfaces/inner_kits/native_cpp/camera_source/src/distributed_camera_source_proxy.cpp,interfaces/inner_kits/native_cpp/camera_source/src/distributed_camera_source_proxy.cpp,Apache-2.0
interfaces/inner_kits/native_cpp/camera_source/src/callback/dcamera_source_callback.cpp,interfaces/inner_kits/native_cpp/camera_source/src/callback/dcamera_source_callback.cpp,Apache-2.0
interfaces/inner_kits/native_cpp/camera_source/src/callback/dcamera_source_callback_stub.cpp,interfaces/inner_kits/native_cpp/camera_source/src/callback/dcamera_source_callback_stub.cpp,Apache-2.0
interfaces/inner_kits/native_cpp/test/fuzztest/onsinklocaldmsdied_fuzzer/onsinklocaldmsdied_fuzzer.cpp,interfaces/inner_kits/native_cpp/test/fuzztest/onsinklocaldmsdied_fuzzer/onsinklocaldmsdied_fuzzer.cpp,Apache-2.0
interfaces/inner_kits/native_cpp/test/fuzztest/onsinklocaldmsdied_fuzzer/onsinklocaldmsdied_fuzzer.h,interfaces/inner_kits/native_cpp/test/fuzztest/onsinklocaldmsdied_fuzzer/onsinklocaldmsdied_fuzzer.h,Apache-2.0
interfaces/inner_kits/native_cpp/test/fuzztest/onsourcelocaldmsdied_fuzzer/onsourcelocaldmsdied_fuzzer.cpp,interfaces/inner_kits/native_cpp/test/fuzztest/onsourcelocaldmsdied_fuzzer/onsourcelocaldmsdied_fuzzer.cpp,Apache-2.0
interfaces/inner_kits/native_cpp/test/fuzztest/onsourcelocaldmsdied_fuzzer/onsourcelocaldmsdied_fuzzer.h,interfaces/inner_kits/native_cpp/test/fuzztest/onsourcelocaldmsdied_fuzzer/onsourcelocaldmsdied_fuzzer.h,Apache-2.0
interfaces/inner_kits/native_cpp/test/fuzztest/sinkhandlerinitsink_fuzzer/sinkhandlerinitsink_fuzzer.cpp,interfaces/inner_kits/native_cpp/test/fuzztest/sinkhandlerinitsink_fuzzer/sinkhandlerinitsink_fuzzer.cpp,Apache-2.0
interfaces/inner_kits/native_cpp/test/fuzztest/sinkhandlerinitsink_fuzzer/sinkhandlerinitsink_fuzzer.h,interfaces/inner_kits/native_cpp/test/fuzztest/sinkhandlerinitsink_fuzzer/sinkhandlerinitsink_fuzzer.h,Apache-2.0
interfaces/inner_kits/native_cpp/test/fuzztest/sinkhandlersubscribelocalhardware_fuzzer/sinkhandlersubscribelocalhardware_fuzzer.cpp,interfaces/inner_kits/native_cpp/test/fuzztest/sinkhandlersubscribelocalhardware_fuzzer/sinkhandlersubscribelocalhardware_fuzzer.cpp,Apache-2.0
interfaces/inner_kits/native_cpp/test/fuzztest/sinkhandlersubscribelocalhardware_fuzzer/sinkhandlersubscribelocalhardware_fuzzer.h,interfaces/inner_kits/native_cpp/test/fuzztest/sinkhandlersubscribelocalhardware_fuzzer/sinkhandlersubscribelocalhardware_fuzzer.h,Apache-2.0
interfaces/inner_kits/native_cpp/test/fuzztest/sinkhandlerunsubscribelocalhardware_fuzzer/sinkhandlerunsubscribelocalhardware_fuzzer.cpp,interfaces/inner_kits/native_cpp/test/fuzztest/sinkhandlerunsubscribelocalhardware_fuzzer/sinkhandlerunsubscribelocalhardware_fuzzer.cpp,Apache-2.0
interfaces/inner_kits/native_cpp/test/fuzztest/sinkhandlerunsubscribelocalhardware_fuzzer/sinkhandlerunsubscribelocalhardware_fuzzer.h,interfaces/inner_kits/native_cpp/test/fuzztest/sinkhandlerunsubscribelocalhardware_fuzzer/sinkhandlerunsubscribelocalhardware_fuzzer.h,Apache-2.0
interfaces/inner_kits/native_cpp/test/fuzztest/sinkonloadsystemabilityfail_fuzzer/sinkonloadsystemabilityfail_fuzzer.cpp,interfaces/inner_kits/native_cpp/test/fuzztest/sinkonloadsystemabilityfail_fuzzer/sinkonloadsystemabilityfail_fuzzer.cpp,Apache-2.0
interfaces/inner_kits/native_cpp/test/fuzztest/sinkonloadsystemabilityfail_fuzzer/sinkonloadsystemabilityfail_fuzzer.h,interfaces/inner_kits/native_cpp/test/fuzztest/sinkonloadsystemabilityfail_fuzzer/sinkonloadsystemabilityfail_fuzzer.h,Apache-2.0
interfaces/inner_kits/native_cpp/test/fuzztest/sinkonloadsystemabilitysuccess_fuzzer/sinkonloadsystemabilitysuccess_fuzzer.cpp,interfaces/inner_kits/native_cpp/test/fuzztest/sinkonloadsystemabilitysuccess_fuzzer/sinkonloadsystemabilitysuccess_fuzzer.cpp,Apache-2.0
interfaces/inner_kits/native_cpp/test/fuzztest/sinkonloadsystemabilitysuccess_fuzzer/sinkonloadsystemabilitysuccess_fuzzer.h,interfaces/inner_kits/native_cpp/test/fuzztest/sinkonloadsystemabilitysuccess_fuzzer/sinkonloadsystemabilitysuccess_fuzzer.h,Apache-2.0
interfaces/inner_kits/native_cpp/test/fuzztest/sinkproxychannelneg_fuzzer/sinkproxychannelneg_fuzzer.cpp,interfaces/inner_kits/native_cpp/test/fuzztest/sinkproxychannelneg_fuzzer/sinkproxychannelneg_fuzzer.cpp,Apache-2.0
interfaces/inner_kits/native_cpp/test/fuzztest/sinkproxychannelneg_fuzzer/sinkproxychannelneg_fuzzer.h,interfaces/inner_kits/native_cpp/test/fuzztest/sinkproxychannelneg_fuzzer/sinkproxychannelneg_fuzzer.h,Apache-2.0
interfaces/inner_kits/native_cpp/test/fuzztest/sinkproxyclosechannel_fuzzer/sinkproxyclosechannel_fuzzer.cpp,interfaces/inner_kits/native_cpp/test/fuzztest/sinkproxyclosechannel_fuzzer/sinkproxyclosechannel_fuzzer.cpp,Apache-2.0
interfaces/inner_kits/native_cpp/test/fuzztest/sinkproxyclosechannel_fuzzer/sinkproxyclosechannel_fuzzer.h,interfaces/inner_kits/native_cpp/test/fuzztest/sinkproxyclosechannel_fuzzer/sinkproxyclosechannel_fuzzer.h,Apache-2.0
interfaces/inner_kits/native_cpp/test/fuzztest/sinkproxygetcamerainfo_fuzzer/sinkproxygetcamerainfo_fuzzer.cpp,interfaces/inner_kits/native_cpp/test/fuzztest/sinkproxygetcamerainfo_fuzzer/sinkproxygetcamerainfo_fuzzer.cpp,Apache-2.0
interfaces/inner_kits/native_cpp/test/fuzztest/sinkproxygetcamerainfo_fuzzer/sinkproxygetcamerainfo_fuzzer.h,interfaces/inner_kits/native_cpp/test/fuzztest/sinkproxygetcamerainfo_fuzzer/sinkproxygetcamerainfo_fuzzer.h,Apache-2.0
interfaces/inner_kits/native_cpp/test/fuzztest/sinkproxyinitsink_fuzzer/sinkproxyinitsink_fuzzer.cpp,interfaces/inner_kits/native_cpp/test/fuzztest/sinkproxyinitsink_fuzzer/sinkproxyinitsink_fuzzer.cpp,Apache-2.0
interfaces/inner_kits/native_cpp/test/fuzztest/sinkproxyinitsink_fuzzer/sinkproxyinitsink_fuzzer.h,interfaces/inner_kits/native_cpp/test/fuzztest/sinkproxyinitsink_fuzzer/sinkproxyinitsink_fuzzer.h,Apache-2.0
interfaces/inner_kits/native_cpp/test/fuzztest/sinkproxyopenchannel_fuzzer/sinkproxyopenchannel_fuzzer.cpp,interfaces/inner_kits/native_cpp/test/fuzztest/sinkproxyopenchannel_fuzzer/sinkproxyopenchannel_fuzzer.cpp,Apache-2.0
interfaces/inner_kits/native_cpp/test/fuzztest/sinkproxyopenchannel_fuzzer/sinkproxyopenchannel_fuzzer.h,interfaces/inner_kits/native_cpp/test/fuzztest/sinkproxyopenchannel_fuzzer/sinkproxyopenchannel_fuzzer.h,Apache-2.0
interfaces/inner_kits/native_cpp/test/fuzztest/sinkproxystopcapture_fuzzer/sinkproxystopcapture_fuzzer.cpp,interfaces/inner_kits/native_cpp/test/fuzztest/sinkproxystopcapture_fuzzer/sinkproxystopcapture_fuzzer.cpp,Apache-2.0
interfaces/inner_kits/native_cpp/test/fuzztest/sinkproxystopcapture_fuzzer/sinkproxystopcapture_fuzzer.h,interfaces/inner_kits/native_cpp/test/fuzztest/sinkproxystopcapture_fuzzer/sinkproxystopcapture_fuzzer.h,Apache-2.0
interfaces/inner_kits/native_cpp/test/fuzztest/sinkproxysubscribelocalhardware_fuzzer/sinkproxysubscribelocalhardware_fuzzer.cpp,interfaces/inner_kits/native_cpp/test/fuzztest/sinkproxysubscribelocalhardware_fuzzer/sinkproxysubscribelocalhardware_fuzzer.cpp,Apache-2.0
interfaces/inner_kits/native_cpp/test/fuzztest/sinkproxysubscribelocalhardware_fuzzer/sinkproxysubscribelocalhardware_fuzzer.h,interfaces/inner_kits/native_cpp/test/fuzztest/sinkproxysubscribelocalhardware_fuzzer/sinkproxysubscribelocalhardware_fuzzer.h,Apache-2.0
interfaces/inner_kits/native_cpp/test/fuzztest/sinkproxyunsubscribelocalhardware_fuzzer/sinkproxyunsubscribelocalhardware_fuzzer.cpp,interfaces/inner_kits/native_cpp/test/fuzztest/sinkproxyunsubscribelocalhardware_fuzzer/sinkproxyunsubscribelocalhardware_fuzzer.cpp,Apache-2.0
interfaces/inner_kits/native_cpp/test/fuzztest/sinkproxyunsubscribelocalhardware_fuzzer/sinkproxyunsubscribelocalhardware_fuzzer.h,interfaces/inner_kits/native_cpp/test/fuzztest/sinkproxyunsubscribelocalhardware_fuzzer/sinkproxyunsubscribelocalhardware_fuzzer.h,Apache-2.0
interfaces/inner_kits/native_cpp/test/fuzztest/sourcehandlerconfigdistributedhardware_fuzzer/sourcehandlerconfigdistributedhardware_fuzzer.cpp,interfaces/inner_kits/native_cpp/test/fuzztest/sourcehandlerconfigdistributedhardware_fuzzer/sourcehandlerconfigdistributedhardware_fuzzer.cpp,Apache-2.0
interfaces/inner_kits/native_cpp/test/fuzztest/sourcehandlerconfigdistributedhardware_fuzzer/sourcehandlerconfigdistributedhardware_fuzzer.h,interfaces/inner_kits/native_cpp/test/fuzztest/sourcehandlerconfigdistributedhardware_fuzzer/sourcehandlerconfigdistributedhardware_fuzzer.h,Apache-2.0
interfaces/inner_kits/native_cpp/test/fuzztest/sourcehandlerinitsource_fuzzer/sourcehandlerinitsource_fuzzer.cpp,interfaces/inner_kits/native_cpp/test/fuzztest/sourcehandlerinitsource_fuzzer/sourcehandlerinitsource_fuzzer.cpp,Apache-2.0
interfaces/inner_kits/native_cpp/test/fuzztest/sourcehandlerinitsource_fuzzer/sourcehandlerinitsource_fuzzer.h,interfaces/inner_kits/native_cpp/test/fuzztest/sourcehandlerinitsource_fuzzer/sourcehandlerinitsource_fuzzer.h,Apache-2.0
interfaces/inner_kits/native_cpp/test/fuzztest/sourcehandlerregisterdistributedhardware_fuzzer/sourcehandlerregisterdistributedhardware_fuzzer.cpp,interfaces/inner_kits/native_cpp/test/fuzztest/sourcehandlerregisterdistributedhardware_fuzzer/sourcehandlerregisterdistributedhardware_fuzzer.cpp,Apache-2.0
interfaces/inner_kits/native_cpp/test/fuzztest/sourcehandlerregisterdistributedhardware_fuzzer/sourcehandlerregisterdistributedhardware_fuzzer.h,interfaces/inner_kits/native_cpp/test/fuzztest/sourcehandlerregisterdistributedhardware_fuzzer/sourcehandlerregisterdistributedhardware_fuzzer.h,Apache-2.0
interfaces/inner_kits/native_cpp/test/fuzztest/sourcehandlerunregisterdistributedhardware_fuzzer/sourcehandlerunregisterdistributedhardware_fuzzer.cpp,interfaces/inner_kits/native_cpp/test/fuzztest/sourcehandlerunregisterdistributedhardware_fuzzer/sourcehandlerunregisterdistributedhardware_fuzzer.cpp,Apache-2.0
interfaces/inner_kits/native_cpp/test/fuzztest/sourcehandlerunregisterdistributedhardware_fuzzer/sourcehandlerunregisterdistributedhardware_fuzzer.h,interfaces/inner_kits/native_cpp/test/fuzztest/sourcehandlerunregisterdistributedhardware_fuzzer/sourcehandlerunregisterdistributedhardware_fuzzer.h,Apache-2.0
interfaces/inner_kits/native_cpp/test/fuzztest/sourceonloadsystemabilityfail_fuzzer/sourceonloadsystemabilityfail_fuzzer.cpp,interfaces/inner_kits/native_cpp/test/fuzztest/sourceonloadsystemabilityfail_fuzzer/sourceonloadsystemabilityfail_fuzzer.cpp,Apache-2.0
interfaces/inner_kits/native_cpp/test/fuzztest/sourceonloadsystemabilityfail_fuzzer/sourceonloadsystemabilityfail_fuzzer.h,interfaces/inner_kits/native_cpp/test/fuzztest/sourceonloadsystemabilityfail_fuzzer/sourceonloadsystemabilityfail_fuzzer.h,Apache-2.0
interfaces/inner_kits/native_cpp/test/fuzztest/sourceonloadsystemabilitysuccess_fuzzer/sourceonloadsystemabilitysuccess_fuzzer.cpp,interfaces/inner_kits/native_cpp/test/fuzztest/sourceonloadsystemabilitysuccess_fuzzer/sourceonloadsystemabilitysuccess_fuzzer.cpp,Apache-2.0
interfaces/inner_kits/native_cpp/test/fuzztest/sourceonloadsystemabilitysuccess_fuzzer/sourceonloadsystemabilitysuccess_fuzzer.h,interfaces/inner_kits/native_cpp/test/fuzztest/sourceonloadsystemabilitysuccess_fuzzer/sourceonloadsystemabilitysuccess_fuzzer.h,Apache-2.0
interfaces/inner_kits/native_cpp/test/fuzztest/sourceproxydcameranotify_fuzzer/sourceproxydcameranotify_fuzzer.cpp,interfaces/inner_kits/native_cpp/test/fuzztest/sourceproxydcameranotify_fuzzer/sourceproxydcameranotify_fuzzer.cpp,Apache-2.0
interfaces/inner_kits/native_cpp/test/fuzztest/sourceproxydcameranotify_fuzzer/sourceproxydcameranotify_fuzzer.h,interfaces/inner_kits/native_cpp/test/fuzztest/sourceproxydcameranotify_fuzzer/sourceproxydcameranotify_fuzzer.h,Apache-2.0
interfaces/inner_kits/native_cpp/test/fuzztest/sourceproxyinitsource_fuzzer/sourceproxyinitsource_fuzzer.cpp,interfaces/inner_kits/native_cpp/test/fuzztest/sourceproxyinitsource_fuzzer/sourceproxyinitsource_fuzzer.cpp,Apache-2.0
interfaces/inner_kits/native_cpp/test/fuzztest/sourceproxyinitsource_fuzzer/sourceproxyinitsource_fuzzer.h,interfaces/inner_kits/native_cpp/test/fuzztest/sourceproxyinitsource_fuzzer/sourceproxyinitsource_fuzzer.h,Apache-2.0
interfaces/inner_kits/native_cpp/test/fuzztest/sourceproxyregisterdistributedhardware_fuzzer/sourceproxyregisterdistributedhardware_fuzzer.cpp,interfaces/inner_kits/native_cpp/test/fuzztest/sourceproxyregisterdistributedhardware_fuzzer/sourceproxyregisterdistributedhardware_fuzzer.cpp,Apache-2.0
interfaces/inner_kits/native_cpp/test/fuzztest/sourceproxyregisterdistributedhardware_fuzzer/sourceproxyregisterdistributedhardware_fuzzer.h,interfaces/inner_kits/native_cpp/test/fuzztest/sourceproxyregisterdistributedhardware_fuzzer/sourceproxyregisterdistributedhardware_fuzzer.h,Apache-2.0
interfaces/inner_kits/native_cpp/test/fuzztest/sourceproxyunregisterdistributedhardware_fuzzer/sourceproxyunregisterdistributedhardware_fuzzer.cpp,interfaces/inner_kits/native_cpp/test/fuzztest/sourceproxyunregisterdistributedhardware_fuzzer/sourceproxyunregisterdistributedhardware_fuzzer.cpp,Apache-2.0
interfaces/inner_kits/native_cpp/test/fuzztest/sourceproxyunregisterdistributedhardware_fuzzer/sourceproxyunregisterdistributedhardware_fuzzer.h,interfaces/inner_kits/native_cpp/test/fuzztest/sourceproxyunregisterdistributedhardware_fuzzer/sourceproxyunregisterdistributedhardware_fuzzer.h,Apache-2.0
services/cameraservice/base/include/dcamera_capture_info_cmd.h,services/cameraservice/base/include/dcamera_capture_info_cmd.h,autonomous
services/cameraservice/base/include/dcamera_channel_info_cmd.h,services/cameraservice/base/include/dcamera_channel_info_cmd.h,autonomous
services/cameraservice/base/include/dcamera_event_cmd.h,services/cameraservice/base/include/dcamera_event_cmd.h,autonomous
services/cameraservice/base/include/dcamera_info_cmd.h,services/cameraservice/base/include/dcamera_info_cmd.h,autonomous
services/cameraservice/base/include/dcamera_metadata_setting_cmd.h,services/cameraservice/base/include/dcamera_metadata_setting_cmd.h,autonomous
services/cameraservice/base/include/dcamera_open_info_cmd.h,services/cameraservice/base/include/dcamera_open_info_cmd.h,autonomous
services/cameraservice/base/include/dcamera_protocol.h,services/cameraservice/base/include/dcamera_protocol.h,autonomous
services/cameraservice/base/include/icamera_controller.h,services/cameraservice/base/include/icamera_controller.h,autonomous
services/cameraservice/base/src/dcamera_capture_info_cmd.cpp,services/cameraservice/base/src/dcamera_capture_info_cmd.cpp,Apache-2.0
services/cameraservice/base/src/dcamera_channel_info_cmd.cpp,services/cameraservice/base/src/dcamera_channel_info_cmd.cpp,Apache-2.0
services/cameraservice/base/src/dcamera_event_cmd.cpp,services/cameraservice/base/src/dcamera_event_cmd.cpp,Apache-2.0
services/cameraservice/base/src/dcamera_info_cmd.cpp,services/cameraservice/base/src/dcamera_info_cmd.cpp,Apache-2.0
services/cameraservice/base/src/dcamera_metadata_setting_cmd.cpp,services/cameraservice/base/src/dcamera_metadata_setting_cmd.cpp,Apache-2.0
services/cameraservice/base/src/dcamera_open_info_cmd.cpp,services/cameraservice/base/src/dcamera_open_info_cmd.cpp,Apache-2.0
services/cameraservice/base/test/unittest/common/dcameraprotocol/dcamera_protocol_test.cpp,services/cameraservice/base/test/unittest/common/dcameraprotocol/dcamera_protocol_test.cpp,Apache-2.0
services/cameraservice/cameraoperator/client/include/dcamera_client.h,services/cameraservice/cameraoperator/client/include/dcamera_client.h,autonomous
services/cameraservice/cameraoperator/client/include/icamera_operator.h,services/cameraservice/cameraoperator/client/include/icamera_operator.h,autonomous
services/cameraservice/cameraoperator/client/include/callback/dcamera_input_callback.h,services/cameraservice/cameraoperator/client/include/callback/dcamera_input_callback.h,autonomous
services/cameraservice/cameraoperator/client/include/callback/dcamera_manager_callback.h,services/cameraservice/cameraoperator/client/include/callback/dcamera_manager_callback.h,autonomous
services/cameraservice/cameraoperator/client/include/callback/dcamera_photo_callback.h,services/cameraservice/cameraoperator/client/include/callback/dcamera_photo_callback.h,autonomous
services/cameraservice/cameraoperator/client/include/callback/dcamera_preview_callback.h,services/cameraservice/cameraoperator/client/include/callback/dcamera_preview_callback.h,autonomous
services/cameraservice/cameraoperator/client/include/callback/dcamera_session_callback.h,services/cameraservice/cameraoperator/client/include/callback/dcamera_session_callback.h,autonomous
services/cameraservice/cameraoperator/client/include/callback/dcamera_video_callback.h,services/cameraservice/cameraoperator/client/include/callback/dcamera_video_callback.h,autonomous
services/cameraservice/cameraoperator/client/include/listener/dcamera_photo_surface_listener.h,services/cameraservice/cameraoperator/client/include/listener/dcamera_photo_surface_listener.h,autonomous
services/cameraservice/cameraoperator/client/include/listener/dcamera_video_surface_listener.h,services/cameraservice/cameraoperator/client/include/listener/dcamera_video_surface_listener.h,autonomous
services/cameraservice/cameraoperator/client/src/dcamera_client.cpp,services/cameraservice/cameraoperator/client/src/dcamera_client.cpp,Apache-2.0
services/cameraservice/cameraoperator/client/src/dcamera_client_common.cpp,services/cameraservice/cameraoperator/client/src/dcamera_client_common.cpp,Apache-2.0
services/cameraservice/cameraoperator/client/src/callback/dcamera_input_callback.cpp,services/cameraservice/cameraoperator/client/src/callback/dcamera_input_callback.cpp,Apache-2.0
services/cameraservice/cameraoperator/client/src/callback/dcamera_manager_callback.cpp,services/cameraservice/cameraoperator/client/src/callback/dcamera_manager_callback.cpp,Apache-2.0
services/cameraservice/cameraoperator/client/src/callback/dcamera_photo_callback.cpp,services/cameraservice/cameraoperator/client/src/callback/dcamera_photo_callback.cpp,Apache-2.0
services/cameraservice/cameraoperator/client/src/callback/dcamera_preview_callback.cpp,services/cameraservice/cameraoperator/client/src/callback/dcamera_preview_callback.cpp,Apache-2.0
services/cameraservice/cameraoperator/client/src/callback/dcamera_session_callback.cpp,services/cameraservice/cameraoperator/client/src/callback/dcamera_session_callback.cpp,Apache-2.0
services/cameraservice/cameraoperator/client/src/callback/dcamera_video_callback.cpp,services/cameraservice/cameraoperator/client/src/callback/dcamera_video_callback.cpp,Apache-2.0
services/cameraservice/cameraoperator/client/src/listener/dcamera_photo_surface_listener.cpp,services/cameraservice/cameraoperator/client/src/listener/dcamera_photo_surface_listener.cpp,Apache-2.0
services/cameraservice/cameraoperator/client/src/listener/dcamera_photo_surface_listener_common.cpp,services/cameraservice/cameraoperator/client/src/listener/dcamera_photo_surface_listener_common.cpp,Apache-2.0
services/cameraservice/cameraoperator/client/src/listener/dcamera_video_surface_listener.cpp,services/cameraservice/cameraoperator/client/src/listener/dcamera_video_surface_listener.cpp,Apache-2.0
services/cameraservice/cameraoperator/client/src/listener/dcamera_video_surface_listener_common.cpp,services/cameraservice/cameraoperator/client/src/listener/dcamera_video_surface_listener_common.cpp,Apache-2.0
services/cameraservice/cameraoperator/client/test/sample/dcamera_client_demo.cpp,services/cameraservice/cameraoperator/client/test/sample/dcamera_client_demo.cpp,Apache-2.0
services/cameraservice/cameraoperator/client/test/sample/dcamera_client_demo.h,services/cameraservice/cameraoperator/client/test/sample/dcamera_client_demo.h,Apache-2.0
services/cameraservice/cameraoperator/client/test/sample/main.cpp,services/cameraservice/cameraoperator/client/test/sample/main.cpp,Apache-2.0
services/cameraservice/cameraoperator/client/test/unittest/common/cameraoperator/dcamera_client_test.cpp,services/cameraservice/cameraoperator/client/test/unittest/common/cameraoperator/dcamera_client_test.cpp,Apache-2.0
services/cameraservice/cameraoperator/handler/include/dcamera_handler.h,services/cameraservice/cameraoperator/handler/include/dcamera_handler.h,autonomous
services/cameraservice/cameraoperator/handler/src/dcamera_handler.cpp,services/cameraservice/cameraoperator/handler/src/dcamera_handler.cpp,Apache-2.0
services/cameraservice/cameraoperator/handler/src/dcamera_handler_common.cpp,services/cameraservice/cameraoperator/handler/src/dcamera_handler_common.cpp,Apache-2.0
services/cameraservice/cameraoperator/handler/test/unittest/common/dcamerahandler/dcamera_handler_test.cpp,services/cameraservice/cameraoperator/handler/test/unittest/common/dcamerahandler/dcamera_handler_test.cpp,Apache-2.0
services/cameraservice/sinkservice/include/distributedcamera/dcamera_sink_hidumper.h,services/cameraservice/sinkservice/include/distributedcamera/dcamera_sink_hidumper.h,autonomous
services/cameraservice/sinkservice/include/distributedcamera/distributed_camera_sink_service.h,services/cameraservice/sinkservice/include/distributedcamera/distributed_camera_sink_service.h,autonomous
services/cameraservice/sinkservice/include/distributedcamera/distributed_camera_sink_stub.h,services/cameraservice/sinkservice/include/distributedcamera/distributed_camera_sink_stub.h,autonomous
services/cameraservice/sinkservice/include/distributedcameramgr/dcamera_sink_access_control.h,services/cameraservice/sinkservice/include/distributedcameramgr/dcamera_sink_access_control.h,autonomous
services/cameraservice/sinkservice/include/distributedcameramgr/dcamera_sink_controller.h,services/cameraservice/sinkservice/include/distributedcameramgr/dcamera_sink_controller.h,autonomous
services/cameraservice/sinkservice/include/distributedcameramgr/dcamera_sink_data_process.h,services/cameraservice/sinkservice/include/distributedcameramgr/dcamera_sink_data_process.h,autonomous
services/cameraservice/sinkservice/include/distributedcameramgr/dcamera_sink_dev.h,services/cameraservice/sinkservice/include/distributedcameramgr/dcamera_sink_dev.h,autonomous
services/cameraservice/sinkservice/include/distributedcameramgr/dcamera_sink_output.h,services/cameraservice/sinkservice/include/distributedcameramgr/dcamera_sink_output.h,autonomous
services/cameraservice/sinkservice/include/distributedcameramgr/dcamera_sink_service_ipc.h,services/cameraservice/sinkservice/include/distributedcameramgr/dcamera_sink_service_ipc.h,autonomous
services/cameraservice/sinkservice/include/distributedcameramgr/callback/dcamera_sink_controller_state_callback.h,services/cameraservice/sinkservice/include/distributedcameramgr/callback/dcamera_sink_controller_state_callback.h,autonomous
services/cameraservice/sinkservice/include/distributedcameramgr/callback/dcamera_sink_output_result_callback.h,services/cameraservice/sinkservice/include/distributedcameramgr/callback/dcamera_sink_output_result_callback.h,autonomous
services/cameraservice/sinkservice/include/distributedcameramgr/eventbus/dcamera_frame_trigger_event.h,services/cameraservice/sinkservice/include/distributedcameramgr/eventbus/dcamera_frame_trigger_event.h,autonomous
services/cameraservice/sinkservice/include/distributedcameramgr/eventbus/dcamera_photo_output_event.h,services/cameraservice/sinkservice/include/distributedcameramgr/eventbus/dcamera_photo_output_event.h,autonomous
services/cameraservice/sinkservice/include/distributedcameramgr/eventbus/dcamera_post_authorization_event.h,services/cameraservice/sinkservice/include/distributedcameramgr/eventbus/dcamera_post_authorization_event.h,autonomous
services/cameraservice/sinkservice/include/distributedcameramgr/eventbus/dcamera_video_output_event.h,services/cameraservice/sinkservice/include/distributedcameramgr/eventbus/dcamera_video_output_event.h,autonomous
services/cameraservice/sinkservice/include/distributedcameramgr/interface/icamera_sink_access_control.h,services/cameraservice/sinkservice/include/distributedcameramgr/interface/icamera_sink_access_control.h,autonomous
services/cameraservice/sinkservice/include/distributedcameramgr/interface/icamera_sink_data_process.h,services/cameraservice/sinkservice/include/distributedcameramgr/interface/icamera_sink_data_process.h,autonomous
services/cameraservice/sinkservice/include/distributedcameramgr/interface/icamera_sink_output.h,services/cameraservice/sinkservice/include/distributedcameramgr/interface/icamera_sink_output.h,autonomous
services/cameraservice/sinkservice/include/distributedcameramgr/listener/dcamera_sink_controller_channel_listener.h,services/cameraservice/sinkservice/include/distributedcameramgr/listener/dcamera_sink_controller_channel_listener.h,autonomous
services/cameraservice/sinkservice/include/distributedcameramgr/listener/dcamera_sink_data_process_listener.h,services/cameraservice/sinkservice/include/distributedcameramgr/listener/dcamera_sink_data_process_listener.h,autonomous
services/cameraservice/sinkservice/include/distributedcameramgr/listener/dcamera_sink_output_channel_listener.h,services/cameraservice/sinkservice/include/distributedcameramgr/listener/dcamera_sink_output_channel_listener.h,autonomous
services/cameraservice/sinkservice/src/distributedcamera/dcamera_sink_hidumper.cpp,services/cameraservice/sinkservice/src/distributedcamera/dcamera_sink_hidumper.cpp,Apache-2.0
services/cameraservice/sinkservice/src/distributedcamera/distributed_camera_sink_service.cpp,services/cameraservice/sinkservice/src/distributedcamera/distributed_camera_sink_service.cpp,Apache-2.0
services/cameraservice/sinkservice/src/distributedcamera/distributed_camera_sink_stub.cpp,services/cameraservice/sinkservice/src/distributedcamera/distributed_camera_sink_stub.cpp,Apache-2.0
services/cameraservice/sinkservice/src/distributedcameramgr/dcamera_sink_access_control.cpp,services/cameraservice/sinkservice/src/distributedcameramgr/dcamera_sink_access_control.cpp,Apache-2.0
services/cameraservice/sinkservice/src/distributedcameramgr/dcamera_sink_controller.cpp,services/cameraservice/sinkservice/src/distributedcameramgr/dcamera_sink_controller.cpp,Apache-2.0
services/cameraservice/sinkservice/src/distributedcameramgr/dcamera_sink_data_process.cpp,services/cameraservice/sinkservice/src/distributedcameramgr/dcamera_sink_data_process.cpp,Apache-2.0
services/cameraservice/sinkservice/src/distributedcameramgr/dcamera_sink_data_process_common.cpp,services/cameraservice/sinkservice/src/distributedcameramgr/dcamera_sink_data_process_common.cpp,Apache-2.0
services/cameraservice/sinkservice/src/distributedcameramgr/dcamera_sink_dev.cpp,services/cameraservice/sinkservice/src/distributedcameramgr/dcamera_sink_dev.cpp,Apache-2.0
services/cameraservice/sinkservice/src/distributedcameramgr/dcamera_sink_output.cpp,services/cameraservice/sinkservice/src/distributedcameramgr/dcamera_sink_output.cpp,Apache-2.0
services/cameraservice/sinkservice/src/distributedcameramgr/dcamera_sink_service_ipc.cpp,services/cameraservice/sinkservice/src/distributedcameramgr/dcamera_sink_service_ipc.cpp,Apache-2.0
services/cameraservice/sinkservice/src/distributedcameramgr/callback/dcamera_sink_controller_state_callback.cpp,services/cameraservice/sinkservice/src/distributedcameramgr/callback/dcamera_sink_controller_state_callback.cpp,Apache-2.0
services/cameraservice/sinkservice/src/distributedcameramgr/callback/dcamera_sink_output_result_callback.cpp,services/cameraservice/sinkservice/src/distributedcameramgr/callback/dcamera_sink_output_result_callback.cpp,Apache-2.0
services/cameraservice/sinkservice/src/distributedcameramgr/eventbus/dcamera_frame_trigger_event.cpp,services/cameraservice/sinkservice/src/distributedcameramgr/eventbus/dcamera_frame_trigger_event.cpp,Apache-2.0
services/cameraservice/sinkservice/src/distributedcameramgr/eventbus/dcamera_photo_output_event.cpp,services/cameraservice/sinkservice/src/distributedcameramgr/eventbus/dcamera_photo_output_event.cpp,Apache-2.0
services/cameraservice/sinkservice/src/distributedcameramgr/eventbus/dcamera_post_authorization_event.cpp,services/cameraservice/sinkservice/src/distributedcameramgr/eventbus/dcamera_post_authorization_event.cpp,Apache-2.0
services/cameraservice/sinkservice/src/distributedcameramgr/eventbus/dcamera_video_output_event.cpp,services/cameraservice/sinkservice/src/distributedcameramgr/eventbus/dcamera_video_output_event.cpp,Apache-2.0
services/cameraservice/sinkservice/src/distributedcameramgr/listener/dcamera_sink_controller_channel_listener.cpp,services/cameraservice/sinkservice/src/distributedcameramgr/listener/dcamera_sink_controller_channel_listener.cpp,Apache-2.0
services/cameraservice/sinkservice/src/distributedcameramgr/listener/dcamera_sink_data_process_listener.cpp,services/cameraservice/sinkservice/src/distributedcameramgr/listener/dcamera_sink_data_process_listener.cpp,Apache-2.0
services/cameraservice/sinkservice/src/distributedcameramgr/listener/dcamera_sink_output_channel_listener.cpp,services/cameraservice/sinkservice/src/distributedcameramgr/listener/dcamera_sink_output_channel_listener.cpp,Apache-2.0
services/cameraservice/sinkservice/test/unittest/common/distributedcamera/distributed_camera_sink_service_test.cpp,services/cameraservice/sinkservice/test/unittest/common/distributedcamera/distributed_camera_sink_service_test.cpp,Apache-2.0
services/cameraservice/sinkservice/test/unittest/common/distributedcameramgr/dcamera_sink_access_control_test.cpp,services/cameraservice/sinkservice/test/unittest/common/distributedcameramgr/dcamera_sink_access_control_test.cpp,Apache-2.0
services/cameraservice/sinkservice/test/unittest/common/distributedcameramgr/dcamera_sink_controller_test.cpp,services/cameraservice/sinkservice/test/unittest/common/distributedcameramgr/dcamera_sink_controller_test.cpp,Apache-2.0
services/cameraservice/sinkservice/test/unittest/common/distributedcameramgr/dcamera_sink_data_process_test.cpp,services/cameraservice/sinkservice/test/unittest/common/distributedcameramgr/dcamera_sink_data_process_test.cpp,Apache-2.0
services/cameraservice/sinkservice/test/unittest/common/distributedcameramgr/dcamera_sink_dev_test.cpp,services/cameraservice/sinkservice/test/unittest/common/distributedcameramgr/dcamera_sink_dev_test.cpp,Apache-2.0
services/cameraservice/sinkservice/test/unittest/common/distributedcameramgr/dcamera_sink_output_test.cpp,services/cameraservice/sinkservice/test/unittest/common/distributedcameramgr/dcamera_sink_output_test.cpp,Apache-2.0
services/cameraservice/sinkservice/test/unittest/common/distributedcameramgr/mock_camera_channel.h,services/cameraservice/sinkservice/test/unittest/common/distributedcameramgr/mock_camera_channel.h,Apache-2.0
services/cameraservice/sinkservice/test/unittest/common/distributedcameramgr/mock_camera_operator.h,services/cameraservice/sinkservice/test/unittest/common/distributedcameramgr/mock_camera_operator.h,Apache-2.0
services/cameraservice/sinkservice/test/unittest/common/distributedcameramgr/mock_data_process_pipeline.h,services/cameraservice/sinkservice/test/unittest/common/distributedcameramgr/mock_data_process_pipeline.h,Apache-2.0
services/cameraservice/sinkservice/test/unittest/common/distributedcameramgr/mock_dcamera_sink_controller.h,services/cameraservice/sinkservice/test/unittest/common/distributedcameramgr/mock_dcamera_sink_controller.h,Apache-2.0
services/cameraservice/sinkservice/test/unittest/common/distributedcameramgr/mock_dcamera_sink_data_process.h,services/cameraservice/sinkservice/test/unittest/common/distributedcameramgr/mock_dcamera_sink_data_process.h,Apache-2.0
services/cameraservice/sinkservice/test/unittest/common/distributedcameramgr/mock_dcamera_sink_output.h,services/cameraservice/sinkservice/test/unittest/common/distributedcameramgr/mock_dcamera_sink_output.h,Apache-2.0
services/cameraservice/sourceservice/include/distributedcamera/dcamera_service_state_listener.h,services/cameraservice/sourceservice/include/distributedcamera/dcamera_service_state_listener.h,autonomous
services/cameraservice/sourceservice/include/distributedcamera/dcamera_source_callback_proxy.h,services/cameraservice/sourceservice/include/distributedcamera/dcamera_source_callback_proxy.h,autonomous
services/cameraservice/sourceservice/include/distributedcamera/dcamera_source_hidumper.h,services/cameraservice/sourceservice/include/distributedcamera/dcamera_source_hidumper.h,autonomous
services/cameraservice/sourceservice/include/distributedcamera/distributed_camera_source_service.h,services/cameraservice/sourceservice/include/distributedcamera/distributed_camera_source_service.h,autonomous
services/cameraservice/sourceservice/include/distributedcamera/distributed_camera_source_stub.h,services/cameraservice/sourceservice/include/distributedcamera/distributed_camera_source_stub.h,autonomous
services/cameraservice/sourceservice/include/distributedcameramgr/dcamera_source_dev.h,services/cameraservice/sourceservice/include/distributedcameramgr/dcamera_source_dev.h,autonomous
services/cameraservice/sourceservice/include/distributedcameramgr/dcamera_source_event.h,services/cameraservice/sourceservice/include/distributedcameramgr/dcamera_source_event.h,autonomous
services/cameraservice/sourceservice/include/distributedcameramgr/dcamera_source_service_ipc.h,services/cameraservice/sourceservice/include/distributedcameramgr/dcamera_source_service_ipc.h,autonomous
services/cameraservice/sourceservice/include/distributedcameramgr/dcameracontrol/dcamera_source_controller.h,services/cameraservice/sourceservice/include/distributedcameramgr/dcameracontrol/dcamera_source_controller.h,autonomous
services/cameraservice/sourceservice/include/distributedcameramgr/dcameracontrol/dcamera_source_controller_channel_listener.h,services/cameraservice/sourceservice/include/distributedcameramgr/dcameracontrol/dcamera_source_controller_channel_listener.h,autonomous
services/cameraservice/sourceservice/include/distributedcameramgr/dcameradata/dcamera_source_data_process.h,services/cameraservice/sourceservice/include/distributedcameramgr/dcameradata/dcamera_source_data_process.h,autonomous
services/cameraservice/sourceservice/include/distributedcameramgr/dcameradata/dcamera_source_input.h,services/cameraservice/sourceservice/include/distributedcameramgr/dcameradata/dcamera_source_input.h,autonomous
services/cameraservice/sourceservice/include/distributedcameramgr/dcameradata/dcamera_source_input_channel_listener.h,services/cameraservice/sourceservice/include/distributedcameramgr/dcameradata/dcamera_source_input_channel_listener.h,autonomous
services/cameraservice/sourceservice/include/distributedcameramgr/dcameradata/dcamera_stream_data_process.h,services/cameraservice/sourceservice/include/distributedcameramgr/dcameradata/dcamera_stream_data_process.h,autonomous
services/cameraservice/sourceservice/include/distributedcameramgr/dcameradata/dcamera_stream_data_process_pipeline_listener.h,services/cameraservice/sourceservice/include/distributedcameramgr/dcameradata/dcamera_stream_data_process_pipeline_listener.h,autonomous
services/cameraservice/sourceservice/include/distributedcameramgr/dcameradata/dcamera_stream_data_process_producer.h,services/cameraservice/sourceservice/include/distributedcameramgr/dcameradata/dcamera_stream_data_process_producer.h,autonomous
services/cameraservice/sourceservice/include/distributedcameramgr/dcamerahdf/dcamera_hdf_operate.h,services/cameraservice/sourceservice/include/distributedcameramgr/dcamerahdf/dcamera_hdf_operate.h,autonomous
services/cameraservice/sourceservice/include/distributedcameramgr/dcamerahdf/dcamera_provider_callback_impl.h,services/cameraservice/sourceservice/include/distributedcameramgr/dcamerahdf/dcamera_provider_callback_impl.h,autonomous
services/cameraservice/sourceservice/include/distributedcameramgr/dcamerainterface/icamera_input.h,services/cameraservice/sourceservice/include/distributedcameramgr/dcamerainterface/icamera_input.h,autonomous
services/cameraservice/sourceservice/include/distributedcameramgr/dcamerainterface/icamera_source_data_process.h,services/cameraservice/sourceservice/include/distributedcameramgr/dcamerainterface/icamera_source_data_process.h,autonomous
services/cameraservice/sourceservice/include/distributedcameramgr/dcamerainterface/icamera_state_listener.h,services/cameraservice/sourceservice/include/distributedcameramgr/dcamerainterface/icamera_state_listener.h,autonomous
services/cameraservice/sourceservice/include/distributedcameramgr/dcamerastate/dcamera_source_capture_state.h,services/cameraservice/sourceservice/include/distributedcameramgr/dcamerastate/dcamera_source_capture_state.h,autonomous
services/cameraservice/sourceservice/include/distributedcameramgr/dcamerastate/dcamera_source_config_stream_state.h,services/cameraservice/sourceservice/include/distributedcameramgr/dcamerastate/dcamera_source_config_stream_state.h,autonomous
services/cameraservice/sourceservice/include/distributedcameramgr/dcamerastate/dcamera_source_init_state.h,services/cameraservice/sourceservice/include/distributedcameramgr/dcamerastate/dcamera_source_init_state.h,autonomous
services/cameraservice/sourceservice/include/distributedcameramgr/dcamerastate/dcamera_source_opened_state.h,services/cameraservice/sourceservice/include/distributedcameramgr/dcamerastate/dcamera_source_opened_state.h,autonomous
services/cameraservice/sourceservice/include/distributedcameramgr/dcamerastate/dcamera_source_regist_state.h,services/cameraservice/sourceservice/include/distributedcameramgr/dcamerastate/dcamera_source_regist_state.h,autonomous
services/cameraservice/sourceservice/include/distributedcameramgr/dcamerastate/dcamera_source_state.h,services/cameraservice/sourceservice/include/distributedcameramgr/dcamerastate/dcamera_source_state.h,autonomous
services/cameraservice/sourceservice/include/distributedcameramgr/dcamerastate/dcamera_source_state_factory.h,services/cameraservice/sourceservice/include/distributedcameramgr/dcamerastate/dcamera_source_state_factory.h,autonomous
services/cameraservice/sourceservice/include/distributedcameramgr/dcamerastate/dcamera_source_state_machine.h,services/cameraservice/sourceservice/include/distributedcameramgr/dcamerastate/dcamera_source_state_machine.h,autonomous
services/cameraservice/sourceservice/src/distributedcamera/dcamera_service_state_listener.cpp,services/cameraservice/sourceservice/src/distributedcamera/dcamera_service_state_listener.cpp,Apache-2.0
services/cameraservice/sourceservice/src/distributedcamera/dcamera_source_callback_proxy.cpp,services/cameraservice/sourceservice/src/distributedcamera/dcamera_source_callback_proxy.cpp,Apache-2.0
services/cameraservice/sourceservice/src/distributedcamera/dcamera_source_hidumper.cpp,services/cameraservice/sourceservice/src/distributedcamera/dcamera_source_hidumper.cpp,Apache-2.0
services/cameraservice/sourceservice/src/distributedcamera/distributed_camera_source_service.cpp,services/cameraservice/sourceservice/src/distributedcamera/distributed_camera_source_service.cpp,Apache-2.0
services/cameraservice/sourceservice/src/distributedcamera/distributed_camera_source_stub.cpp,services/cameraservice/sourceservice/src/distributedcamera/distributed_camera_source_stub.cpp,Apache-2.0
services/cameraservice/sourceservice/src/distributedcameramgr/dcamera_source_dev.cpp,services/cameraservice/sourceservice/src/distributedcameramgr/dcamera_source_dev.cpp,Apache-2.0
services/cameraservice/sourceservice/src/distributedcameramgr/dcamera_source_event.cpp,services/cameraservice/sourceservice/src/distributedcameramgr/dcamera_source_event.cpp,Apache-2.0
services/cameraservice/sourceservice/src/distributedcameramgr/dcamera_source_service_ipc.cpp,services/cameraservice/sourceservice/src/distributedcameramgr/dcamera_source_service_ipc.cpp,Apache-2.0
services/cameraservice/sourceservice/src/distributedcameramgr/dcameracontrol/dcamera_source_controller.cpp,services/cameraservice/sourceservice/src/distributedcameramgr/dcameracontrol/dcamera_source_controller.cpp,Apache-2.0
services/cameraservice/sourceservice/src/distributedcameramgr/dcameracontrol/dcamera_source_controller_channel_listener.cpp,services/cameraservice/sourceservice/src/distributedcameramgr/dcameracontrol/dcamera_source_controller_channel_listener.cpp,Apache-2.0
services/cameraservice/sourceservice/src/distributedcameramgr/dcameradata/dcamera_source_data_process.cpp,services/cameraservice/sourceservice/src/distributedcameramgr/dcameradata/dcamera_source_data_process.cpp,Apache-2.0
services/cameraservice/sourceservice/src/distributedcameramgr/dcameradata/dcamera_source_input.cpp,services/cameraservice/sourceservice/src/distributedcameramgr/dcameradata/dcamera_source_input.cpp,Apache-2.0
services/cameraservice/sourceservice/src/distributedcameramgr/dcameradata/dcamera_source_input_channel_listener.cpp,services/cameraservice/sourceservice/src/distributedcameramgr/dcameradata/dcamera_source_input_channel_listener.cpp,Apache-2.0
services/cameraservice/sourceservice/src/distributedcameramgr/dcameradata/dcamera_stream_data_process.cpp,services/cameraservice/sourceservice/src/distributedcameramgr/dcameradata/dcamera_stream_data_process.cpp,Apache-2.0
services/cameraservice/sourceservice/src/distributedcameramgr/dcameradata/dcamera_stream_data_process_pipeline_listener.cpp,services/cameraservice/sourceservice/src/distributedcameramgr/dcameradata/dcamera_stream_data_process_pipeline_listener.cpp,Apache-2.0
services/cameraservice/sourceservice/src/distributedcameramgr/dcameradata/dcamera_stream_data_process_producer.cpp,services/cameraservice/sourceservice/src/distributedcameramgr/dcameradata/dcamera_stream_data_process_producer.cpp,Apache-2.0
services/cameraservice/sourceservice/src/distributedcameramgr/dcamerahdf/dcamera_hdf_operate.cpp,services/cameraservice/sourceservice/src/distributedcameramgr/dcamerahdf/dcamera_hdf_operate.cpp,Apache-2.0
services/cameraservice/sourceservice/src/distributedcameramgr/dcamerahdf/dcamera_provider_callback_impl.cpp,services/cameraservice/sourceservice/src/distributedcameramgr/dcamerahdf/dcamera_provider_callback_impl.cpp,Apache-2.0
services/cameraservice/sourceservice/src/distributedcameramgr/dcamerastate/dcamera_source_capture_state.cpp,services/cameraservice/sourceservice/src/distributedcameramgr/dcamerastate/dcamera_source_capture_state.cpp,Apache-2.0
services/cameraservice/sourceservice/src/distributedcameramgr/dcamerastate/dcamera_source_config_stream_state.cpp,services/cameraservice/sourceservice/src/distributedcameramgr/dcamerastate/dcamera_source_config_stream_state.cpp,Apache-2.0
services/cameraservice/sourceservice/src/distributedcameramgr/dcamerastate/dcamera_source_init_state.cpp,services/cameraservice/sourceservice/src/distributedcameramgr/dcamerastate/dcamera_source_init_state.cpp,Apache-2.0
services/cameraservice/sourceservice/src/distributedcameramgr/dcamerastate/dcamera_source_opened_state.cpp,services/cameraservice/sourceservice/src/distributedcameramgr/dcamerastate/dcamera_source_opened_state.cpp,Apache-2.0
services/cameraservice/sourceservice/src/distributedcameramgr/dcamerastate/dcamera_source_regist_state.cpp,services/cameraservice/sourceservice/src/distributedcameramgr/dcamerastate/dcamera_source_regist_state.cpp,Apache-2.0
services/cameraservice/sourceservice/src/distributedcameramgr/dcamerastate/dcamera_source_state_factory.cpp,services/cameraservice/sourceservice/src/distributedcameramgr/dcamerastate/dcamera_source_state_factory.cpp,Apache-2.0
services/cameraservice/sourceservice/src/distributedcameramgr/dcamerastate/dcamera_source_state_machine.cpp,services/cameraservice/sourceservice/src/distributedcameramgr/dcamerastate/dcamera_source_state_machine.cpp,Apache-2.0
services/cameraservice/sourceservice/test/unittest/common/distributedcameramgr/dcamera_source_state_machine_test.cpp,services/cameraservice/sourceservice/test/unittest/common/distributedcameramgr/dcamera_source_state_machine_test.cpp,Apache-2.0
services/cameraservice/sourceservice/test/unittest/common/distributedcameramgr/mock_dcamera_source_dev.h,services/cameraservice/sourceservice/test/unittest/common/distributedcameramgr/mock_dcamera_source_dev.h,Apache-2.0
services/cameraservice/sourceservice/test/unittest/common/distributedcameramgr/mock_dcamera_source_state_listener.h,services/cameraservice/sourceservice/test/unittest/common/distributedcameramgr/mock_dcamera_source_state_listener.h,Apache-2.0
services/channel/include/dcamera_channel_sink_impl.h,services/channel/include/dcamera_channel_sink_impl.h,autonomous
services/channel/include/dcamera_channel_source_impl.h,services/channel/include/dcamera_channel_source_impl.h,autonomous
services/channel/include/dcamera_softbus_adapter.h,services/channel/include/dcamera_softbus_adapter.h,autonomous
services/channel/include/dcamera_softbus_session.h,services/channel/include/dcamera_softbus_session.h,autonomous
services/channel/include/icamera_channel.h,services/channel/include/icamera_channel.h,autonomous
services/channel/include/icamera_channel_listener.h,services/channel/include/icamera_channel_listener.h,autonomous
services/channel/src/dcamera_channel_sink_impl.cpp,services/channel/src/dcamera_channel_sink_impl.cpp,Apache-2.0
services/channel/src/dcamera_channel_source_impl.cpp,services/channel/src/dcamera_channel_source_impl.cpp,Apache-2.0
services/channel/src/dcamera_softbus_adapter.cpp,services/channel/src/dcamera_softbus_adapter.cpp,Apache-2.0
services/channel/src/dcamera_softbus_session.cpp,services/channel/src/dcamera_softbus_session.cpp,Apache-2.0
services/data_process/include/eventbus/dcamera_codec_event.h,services/data_process/include/eventbus/dcamera_codec_event.h,autonomous
services/data_process/include/eventbus/dcamera_pipeline_event.h,services/data_process/include/eventbus/dcamera_pipeline_event.h,autonomous
services/data_process/include/interfaces/data_process_listener.h,services/data_process/include/interfaces/data_process_listener.h,autonomous
services/data_process/include/interfaces/idata_process_pipeline.h,services/data_process/include/interfaces/idata_process_pipeline.h,autonomous
services/data_process/include/pipeline/abstract_data_process.h,services/data_process/include/pipeline/abstract_data_process.h,autonomous
services/data_process/include/pipeline/dcamera_pipeline_sink.h,services/data_process/include/pipeline/dcamera_pipeline_sink.h,autonomous
services/data_process/include/pipeline/dcamera_pipeline_source.h,services/data_process/include/pipeline/dcamera_pipeline_source.h,autonomous
services/data_process/include/pipeline_node/colorspace_conversion/color_format_process.h,services/data_process/include/pipeline_node/colorspace_conversion/color_format_process.h,autonomous
services/data_process/include/pipeline_node/fpscontroller/fps_controller_process.h,services/data_process/include/pipeline_node/fpscontroller/fps_controller_process.h,autonomous
services/data_process/include/pipeline_node/multimedia_codec/decoder/decode_data_process.h,services/data_process/include/pipeline_node/multimedia_codec/decoder/decode_data_process.h,autonomous
services/data_process/include/pipeline_node/multimedia_codec/decoder/decode_surface_listener.h,services/data_process/include/pipeline_node/multimedia_codec/decoder/decode_surface_listener.h,autonomous
services/data_process/include/pipeline_node/multimedia_codec/decoder/decode_video_callback.h,services/data_process/include/pipeline_node/multimedia_codec/decoder/decode_video_callback.h,autonomous
services/data_process/include/pipeline_node/multimedia_codec/encoder/encode_data_process.h,services/data_process/include/pipeline_node/multimedia_codec/encoder/encode_data_process.h,autonomous
services/data_process/include/pipeline_node/multimedia_codec/encoder/encode_video_callback.h,services/data_process/include/pipeline_node/multimedia_codec/encoder/encode_video_callback.h,autonomous
services/data_process/include/pipeline_node/scale_conversion/scale_convert_process.h,services/data_process/include/pipeline_node/scale_conversion/scale_convert_process.h,autonomous
services/data_process/include/utils/image_common_type.h,services/data_process/include/utils/image_common_type.h,autonomous
services/data_process/src/pipeline/abstract_data_process.cpp,services/data_process/src/pipeline/abstract_data_process.cpp,Apache-2.0
services/data_process/src/pipeline/dcamera_pipeline_sink.cpp,services/data_process/src/pipeline/dcamera_pipeline_sink.cpp,Apache-2.0
services/data_process/src/pipeline/dcamera_pipeline_source.cpp,services/data_process/src/pipeline/dcamera_pipeline_source.cpp,Apache-2.0
services/data_process/src/pipeline_node/colorspace_conversion/color_format_process.cpp,services/data_process/src/pipeline_node/colorspace_conversion/color_format_process.cpp,Apache-2.0
services/data_process/src/pipeline_node/fpscontroller/fps_controller_process.cpp,services/data_process/src/pipeline_node/fpscontroller/fps_controller_process.cpp,Apache-2.0
services/data_process/src/pipeline_node/multimedia_codec/decoder/decode_data_process.cpp,services/data_process/src/pipeline_node/multimedia_codec/decoder/decode_data_process.cpp,Apache-2.0
services/data_process/src/pipeline_node/multimedia_codec/decoder/decode_data_process_common.cpp,services/data_process/src/pipeline_node/multimedia_codec/decoder/decode_data_process_common.cpp,Apache-2.0
services/data_process/src/pipeline_node/multimedia_codec/decoder/decode_surface_listener.cpp,services/data_process/src/pipeline_node/multimedia_codec/decoder/decode_surface_listener.cpp,Apache-2.0
services/data_process/src/pipeline_node/multimedia_codec/decoder/decode_video_callback.cpp,services/data_process/src/pipeline_node/multimedia_codec/decoder/decode_video_callback.cpp,Apache-2.0
services/data_process/src/pipeline_node/multimedia_codec/encoder/encode_data_process.cpp,services/data_process/src/pipeline_node/multimedia_codec/encoder/encode_data_process.cpp,Apache-2.0
services/data_process/src/pipeline_node/multimedia_codec/encoder/encode_data_process_common.cpp,services/data_process/src/pipeline_node/multimedia_codec/encoder/encode_data_process_common.cpp,Apache-2.0
services/data_process/src/pipeline_node/multimedia_codec/encoder/encode_video_callback.cpp,services/data_process/src/pipeline_node/multimedia_codec/encoder/encode_video_callback.cpp,Apache-2.0
services/data_process/src/pipeline_node/scale_conversion/scale_convert_process.cpp,services/data_process/src/pipeline_node/scale_conversion/scale_convert_process.cpp,Apache-2.0
services/data_process/src/utils/image_common_type.cpp,services/data_process/src/utils/image_common_type.cpp,Apache-2.0
