id,path,license
org.opensearch.hadoop.gradle.buildtools.ConcatFilesTask,buildSrc/src/main/java/org/opensearch/hadoop/gradle/buildtools/ConcatFilesTask.java,autonomous
org.opensearch.hadoop.gradle.buildtools.DependenciesInfoPlugin,buildSrc/src/main/java/org/opensearch/hadoop/gradle/buildtools/DependenciesInfoPlugin.java,autonomous
org.opensearch.hadoop.gradle.buildtools.DependenciesInfoTask,buildSrc/src/main/java/org/opensearch/hadoop/gradle/buildtools/DependenciesInfoTask.java,autonomous
org.opensearch.hadoop.gradle.buildtools.DependencyLicensesTask,buildSrc/src/main/java/org/opensearch/hadoop/gradle/buildtools/DependencyLicensesTask.java,autonomous
org.opensearch.hadoop.gradle.buildtools.Fixture,buildSrc/src/main/java/org/opensearch/hadoop/gradle/buildtools/Fixture.java,autonomous
org.opensearch.hadoop.gradle.buildtools.LazyFileOutputStream,buildSrc/src/main/java/org/opensearch/hadoop/gradle/buildtools/LazyFileOutputStream.java,autonomous
org.opensearch.hadoop.gradle.buildtools.LicenseAnalyzer,buildSrc/src/main/java/org/opensearch/hadoop/gradle/buildtools/LicenseAnalyzer.java,autonomous
org.opensearch.hadoop.gradle.buildtools.LicenseHeadersTask,buildSrc/src/main/java/org/opensearch/hadoop/gradle/buildtools/LicenseHeadersTask.java,autonomous
org.opensearch.hadoop.gradle.buildtools.LoggedExec,buildSrc/src/main/java/org/opensearch/hadoop/gradle/buildtools/LoggedExec.java,autonomous
org.opensearch.hadoop.gradle.buildtools.package-info,buildSrc/src/main/java/org/opensearch/hadoop/gradle/buildtools/package-info.java,autonomous
org.opensearch.hadoop.gradle.buildtools.UpdateShasTask,buildSrc/src/main/java/org/opensearch/hadoop/gradle/buildtools/UpdateShasTask.java,autonomous
org.opensearch.hadoop.gradle.buildtools.Util,buildSrc/src/main/java/org/opensearch/hadoop/gradle/buildtools/Util.java,autonomous
org.opensearch.hadoop.gradle.buildtools.info.BuildParams,buildSrc/src/main/java/org/opensearch/hadoop/gradle/buildtools/info/BuildParams.java,autonomous
org.opensearch.hadoop.gradle.buildtools.info.GlobalBuildInfoPlugin,buildSrc/src/main/java/org/opensearch/hadoop/gradle/buildtools/info/GlobalBuildInfoPlugin.java,autonomous
org.opensearch.hadoop.gradle.buildtools.info.JavaHome,buildSrc/src/main/java/org/opensearch/hadoop/gradle/buildtools/info/JavaHome.java,autonomous
org.opensearch.hadoop.gradle.scala.SparkVariantPlugin,buildSrc/src/main/java/org/opensearch/hadoop/gradle/scala/SparkVariantPlugin.java,autonomous
org.opensearch.hadoop.gradle.util.Resources,buildSrc/src/main/java/org/opensearch/hadoop/gradle/util/Resources.java,autonomous
org.opensearch.hadoop.gradle.util.WaitForURL,buildSrc/src/main/java/org/opensearch/hadoop/gradle/util/WaitForURL.java,autonomous
org.opensearch.hadoop.integration.hive.AbstractHiveExtraTests,hive/src/itest/java/org/opensearch/hadoop/integration/hive/AbstractHiveExtraTests.java,autonomous
org.opensearch.hadoop.integration.hive.AbstractHiveReadJsonTest,hive/src/itest/java/org/opensearch/hadoop/integration/hive/AbstractHiveReadJsonTest.java,autonomous
org.opensearch.hadoop.integration.hive.AbstractHiveSaveJsonTest,hive/src/itest/java/org/opensearch/hadoop/integration/hive/AbstractHiveSaveJsonTest.java,autonomous
org.opensearch.hadoop.integration.hive.AbstractHiveSaveTest,hive/src/itest/java/org/opensearch/hadoop/integration/hive/AbstractHiveSaveTest.java,autonomous
org.opensearch.hadoop.integration.hive.AbstractHiveSearchJsonTest,hive/src/itest/java/org/opensearch/hadoop/integration/hive/AbstractHiveSearchJsonTest.java,autonomous
org.opensearch.hadoop.integration.hive.AbstractHiveSearchTest,hive/src/itest/java/org/opensearch/hadoop/integration/hive/AbstractHiveSearchTest.java,autonomous
org.opensearch.hadoop.integration.hive.HiveEmbeddedServer2,hive/src/itest/java/org/opensearch/hadoop/integration/hive/HiveEmbeddedServer2.java,autonomous
org.opensearch.hadoop.integration.hive.HiveInstance,hive/src/itest/java/org/opensearch/hadoop/integration/hive/HiveInstance.java,autonomous
org.opensearch.hadoop.integration.hive.HiveJdbc,hive/src/itest/java/org/opensearch/hadoop/integration/hive/HiveJdbc.java,autonomous
org.opensearch.hadoop.integration.hive.HiveSuite,hive/src/itest/java/org/opensearch/hadoop/integration/hive/HiveSuite.java,autonomous
org.opensearch.hadoop.hive.HiveBytesArrayWritable,hive/src/main/java/org/opensearch/hadoop/hive/HiveBytesArrayWritable.java,autonomous
org.opensearch.hadoop.hive.HiveBytesConverter,hive/src/main/java/org/opensearch/hadoop/hive/HiveBytesConverter.java,autonomous
org.opensearch.hadoop.hive.HiveConstants,hive/src/main/java/org/opensearch/hadoop/hive/HiveConstants.java,autonomous
org.opensearch.hadoop.hive.HiveFieldExtractor,hive/src/main/java/org/opensearch/hadoop/hive/HiveFieldExtractor.java,autonomous
org.opensearch.hadoop.hive.HiveType,hive/src/main/java/org/opensearch/hadoop/hive/HiveType.java,autonomous
org.opensearch.hadoop.hive.HiveUtils,hive/src/main/java/org/opensearch/hadoop/hive/HiveUtils.java,autonomous
org.opensearch.hadoop.hive.HiveValueReader,hive/src/main/java/org/opensearch/hadoop/hive/HiveValueReader.java,autonomous
org.opensearch.hadoop.hive.HiveValueWriter,hive/src/main/java/org/opensearch/hadoop/hive/HiveValueWriter.java,autonomous
org.opensearch.hadoop.hive.HiveWritableValueWriter,hive/src/main/java/org/opensearch/hadoop/hive/HiveWritableValueWriter.java,autonomous
org.opensearch.hadoop.hive.OpenSearchHiveInputFormat,hive/src/main/java/org/opensearch/hadoop/hive/OpenSearchHiveInputFormat.java,autonomous
org.opensearch.hadoop.hive.OpenSearchHiveOutputFormat,hive/src/main/java/org/opensearch/hadoop/hive/OpenSearchHiveOutputFormat.java,autonomous
org.opensearch.hadoop.hive.OpenSearchSerDe,hive/src/main/java/org/opensearch/hadoop/hive/OpenSearchSerDe.java,autonomous
org.opensearch.hadoop.hive.OpenSearchStorageHandler,hive/src/main/java/org/opensearch/hadoop/hive/OpenSearchStorageHandler.java,autonomous
org.opensearch.hadoop.hive.package-info,hive/src/main/java/org/opensearch/hadoop/hive/package-info.java,autonomous
org.opensearch.hadoop.ProvisionerTest,mr/src/itest/java/org/opensearch/hadoop/ProvisionerTest.java,autonomous
org.opensearch.hadoop.VersionTest,mr/src/itest/java/org/opensearch/hadoop/VersionTest.java,autonomous
org.opensearch.hadoop.integration.mr.AbstractExtraMRTests,mr/src/itest/java/org/opensearch/hadoop/integration/mr/AbstractExtraMRTests.java,autonomous
org.opensearch.hadoop.integration.mr.AbstractMRNewApiSaveTest,mr/src/itest/java/org/opensearch/hadoop/integration/mr/AbstractMRNewApiSaveTest.java,autonomous
org.opensearch.hadoop.integration.mr.AbstractMRNewApiSearchTest,mr/src/itest/java/org/opensearch/hadoop/integration/mr/AbstractMRNewApiSearchTest.java,autonomous
org.opensearch.hadoop.integration.mr.AbstractMROldApiSaveTest,mr/src/itest/java/org/opensearch/hadoop/integration/mr/AbstractMROldApiSaveTest.java,autonomous
org.opensearch.hadoop.integration.mr.AbstractMROldApiSearchTest,mr/src/itest/java/org/opensearch/hadoop/integration/mr/AbstractMROldApiSearchTest.java,autonomous
org.opensearch.hadoop.integration.mr.MRSuite,mr/src/itest/java/org/opensearch/hadoop/integration/mr/MRSuite.java,autonomous
org.opensearch.hadoop.integration.rest.AbstractRestQueryTest,mr/src/itest/java/org/opensearch/hadoop/integration/rest/AbstractRestQueryTest.java,autonomous
org.opensearch.hadoop.integration.rest.AbstractRestSaveTest,mr/src/itest/java/org/opensearch/hadoop/integration/rest/AbstractRestSaveTest.java,autonomous
org.opensearch.hadoop.integration.rest.RestSuite,mr/src/itest/java/org/opensearch/hadoop/integration/rest/RestSuite.java,autonomous
org.opensearch.hadoop.integration.rest.ssl.SSLTests,mr/src/itest/java/org/opensearch/hadoop/integration/rest/ssl/SSLTests.java,autonomous
org.opensearch.hadoop.rest.commonshttp.auth.spnego.AbstractHadoopUserKerberosTest,mr/src/itest/java/org/opensearch/hadoop/rest/commonshttp/auth/spnego/AbstractHadoopUserKerberosTest.java,autonomous
org.opensearch.hadoop.rest.commonshttp.auth.spnego.AbstractSpnegoAuthSchemeTest,mr/src/itest/java/org/opensearch/hadoop/rest/commonshttp/auth/spnego/AbstractSpnegoAuthSchemeTest.java,autonomous
org.opensearch.hadoop.rest.commonshttp.auth.spnego.AbstractSpnegoNegotiatorTest,mr/src/itest/java/org/opensearch/hadoop/rest/commonshttp/auth/spnego/AbstractSpnegoNegotiatorTest.java,autonomous
org.opensearch.hadoop.rest.commonshttp.auth.spnego.KerberosSuite,mr/src/itest/java/org/opensearch/hadoop/rest/commonshttp/auth/spnego/KerberosSuite.java,autonomous
org.opensearch.hadoop.rest.pooling.AbstractTransportPoolTest,mr/src/itest/java/org/opensearch/hadoop/rest/pooling/AbstractTransportPoolTest.java,autonomous
org.opensearch.hadoop.rest.pooling.PoolingSuite,mr/src/itest/java/org/opensearch/hadoop/rest/pooling/PoolingSuite.java,autonomous
org.opensearch.hadoop.OpenSearchHadoopException,mr/src/main/java/org/opensearch/hadoop/OpenSearchHadoopException.java,autonomous
org.opensearch.hadoop.OpenSearchHadoopIllegalArgumentException,mr/src/main/java/org/opensearch/hadoop/OpenSearchHadoopIllegalArgumentException.java,autonomous
org.opensearch.hadoop.OpenSearchHadoopIllegalStateException,mr/src/main/java/org/opensearch/hadoop/OpenSearchHadoopIllegalStateException.java,autonomous
org.opensearch.hadoop.OpenSearchHadoopUnsupportedOperationException,mr/src/main/java/org/opensearch/hadoop/OpenSearchHadoopUnsupportedOperationException.java,autonomous
org.opensearch.hadoop.package-info,mr/src/main/java/org/opensearch/hadoop/package-info.java,autonomous
org.opensearch.hadoop.cfg.CompositeSettings,mr/src/main/java/org/opensearch/hadoop/cfg/CompositeSettings.java,autonomous
org.opensearch.hadoop.cfg.ConfigurationOptions,mr/src/main/java/org/opensearch/hadoop/cfg/ConfigurationOptions.java,autonomous
org.opensearch.hadoop.cfg.FieldPresenceValidation,mr/src/main/java/org/opensearch/hadoop/cfg/FieldPresenceValidation.java,autonomous
org.opensearch.hadoop.cfg.FilteredSettings,mr/src/main/java/org/opensearch/hadoop/cfg/FilteredSettings.java,autonomous
org.opensearch.hadoop.cfg.HadoopSettings,mr/src/main/java/org/opensearch/hadoop/cfg/HadoopSettings.java,autonomous
org.opensearch.hadoop.cfg.HadoopSettingsManager,mr/src/main/java/org/opensearch/hadoop/cfg/HadoopSettingsManager.java,autonomous
org.opensearch.hadoop.cfg.InternalConfigurationOptions,mr/src/main/java/org/opensearch/hadoop/cfg/InternalConfigurationOptions.java,autonomous
org.opensearch.hadoop.cfg.package-info,mr/src/main/java/org/opensearch/hadoop/cfg/package-info.java,autonomous
org.opensearch.hadoop.cfg.PropertiesSettings,mr/src/main/java/org/opensearch/hadoop/cfg/PropertiesSettings.java,autonomous
org.opensearch.hadoop.cfg.Settings,mr/src/main/java/org/opensearch/hadoop/cfg/Settings.java,autonomous
org.opensearch.hadoop.cfg.SettingsManager,mr/src/main/java/org/opensearch/hadoop/cfg/SettingsManager.java,autonomous
org.opensearch.hadoop.cfg.SettingsView,mr/src/main/java/org/opensearch/hadoop/cfg/SettingsView.java,autonomous
org.opensearch.hadoop.cli.ConsolePrompt,mr/src/main/java/org/opensearch/hadoop/cli/ConsolePrompt.java,autonomous
org.opensearch.hadoop.cli.Keytool,mr/src/main/java/org/opensearch/hadoop/cli/Keytool.java,autonomous
org.opensearch.hadoop.cli.Prompt,mr/src/main/java/org/opensearch/hadoop/cli/Prompt.java,autonomous
org.opensearch.hadoop.handler.ErrorCollector,mr/src/main/java/org/opensearch/hadoop/handler/ErrorCollector.java,autonomous
org.opensearch.hadoop.handler.ErrorHandler,mr/src/main/java/org/opensearch/hadoop/handler/ErrorHandler.java,autonomous
org.opensearch.hadoop.handler.Exceptional,mr/src/main/java/org/opensearch/hadoop/handler/Exceptional.java,autonomous
org.opensearch.hadoop.handler.HandlerLoader,mr/src/main/java/org/opensearch/hadoop/handler/HandlerLoader.java,autonomous
org.opensearch.hadoop.handler.HandlerResult,mr/src/main/java/org/opensearch/hadoop/handler/HandlerResult.java,autonomous
org.opensearch.hadoop.handler.OpenSearchHadoopAbortHandlerException,mr/src/main/java/org/opensearch/hadoop/handler/OpenSearchHadoopAbortHandlerException.java,autonomous
org.opensearch.hadoop.handler.impl.AbortOnFailure,mr/src/main/java/org/opensearch/hadoop/handler/impl/AbortOnFailure.java,autonomous
org.opensearch.hadoop.handler.impl.AbstractHandlerLoader,mr/src/main/java/org/opensearch/hadoop/handler/impl/AbstractHandlerLoader.java,autonomous
org.opensearch.hadoop.handler.impl.BaseExceptional,mr/src/main/java/org/opensearch/hadoop/handler/impl/BaseExceptional.java,autonomous
org.opensearch.hadoop.handler.impl.DropAndLog,mr/src/main/java/org/opensearch/hadoop/handler/impl/DropAndLog.java,autonomous
org.opensearch.hadoop.handler.impl.LogRenderer,mr/src/main/java/org/opensearch/hadoop/handler/impl/LogRenderer.java,autonomous
org.opensearch.hadoop.handler.impl.PreloadedHandlerLoader,mr/src/main/java/org/opensearch/hadoop/handler/impl/PreloadedHandlerLoader.java,autonomous
org.opensearch.hadoop.handler.impl.opensearch.BaseEventConverter,mr/src/main/java/org/opensearch/hadoop/handler/impl/opensearch/BaseEventConverter.java,autonomous
org.opensearch.hadoop.handler.impl.opensearch.EventConverter,mr/src/main/java/org/opensearch/hadoop/handler/impl/opensearch/EventConverter.java,autonomous
org.opensearch.hadoop.handler.impl.opensearch.OpenSearchHandler,mr/src/main/java/org/opensearch/hadoop/handler/impl/opensearch/OpenSearchHandler.java,autonomous
org.opensearch.hadoop.mr.Counter,mr/src/main/java/org/opensearch/hadoop/mr/Counter.java,autonomous
org.opensearch.hadoop.mr.HadoopCfgUtils,mr/src/main/java/org/opensearch/hadoop/mr/HadoopCfgUtils.java,autonomous
org.opensearch.hadoop.mr.HadoopIOUtils,mr/src/main/java/org/opensearch/hadoop/mr/HadoopIOUtils.java,autonomous
org.opensearch.hadoop.mr.HeartBeat,mr/src/main/java/org/opensearch/hadoop/mr/HeartBeat.java,autonomous
org.opensearch.hadoop.mr.LinkedMapWritable,mr/src/main/java/org/opensearch/hadoop/mr/LinkedMapWritable.java,autonomous
org.opensearch.hadoop.mr.MultiOutputFormat,mr/src/main/java/org/opensearch/hadoop/mr/MultiOutputFormat.java,autonomous
org.opensearch.hadoop.mr.OpenSearchInputFormat,mr/src/main/java/org/opensearch/hadoop/mr/OpenSearchInputFormat.java,autonomous
org.opensearch.hadoop.mr.OpenSearchMapReduceUtil,mr/src/main/java/org/opensearch/hadoop/mr/OpenSearchMapReduceUtil.java,autonomous
org.opensearch.hadoop.mr.OpenSearchOutputFormat,mr/src/main/java/org/opensearch/hadoop/mr/OpenSearchOutputFormat.java,autonomous
org.opensearch.hadoop.mr.package-info,mr/src/main/java/org/opensearch/hadoop/mr/package-info.java,autonomous
org.opensearch.hadoop.mr.ReportingUtils,mr/src/main/java/org/opensearch/hadoop/mr/ReportingUtils.java,autonomous
org.opensearch.hadoop.mr.SafeWritableConverter,mr/src/main/java/org/opensearch/hadoop/mr/SafeWritableConverter.java,autonomous
org.opensearch.hadoop.mr.WritableArrayWritable,mr/src/main/java/org/opensearch/hadoop/mr/WritableArrayWritable.java,autonomous
org.opensearch.hadoop.mr.WritableBytesConverter,mr/src/main/java/org/opensearch/hadoop/mr/WritableBytesConverter.java,autonomous
org.opensearch.hadoop.mr.WritableCompatUtil,mr/src/main/java/org/opensearch/hadoop/mr/WritableCompatUtil.java,autonomous
org.opensearch.hadoop.mr.WritableValueReader,mr/src/main/java/org/opensearch/hadoop/mr/WritableValueReader.java,autonomous
org.opensearch.hadoop.mr.WritableValueWriter,mr/src/main/java/org/opensearch/hadoop/mr/WritableValueWriter.java,autonomous
org.opensearch.hadoop.mr.compat.CompatHandler,mr/src/main/java/org/opensearch/hadoop/mr/compat/CompatHandler.java,autonomous
org.opensearch.hadoop.mr.compat.CompatProxy,mr/src/main/java/org/opensearch/hadoop/mr/compat/CompatProxy.java,autonomous
org.opensearch.hadoop.mr.compat.Counter,mr/src/main/java/org/opensearch/hadoop/mr/compat/Counter.java,autonomous
org.opensearch.hadoop.mr.compat.CounterGroup,mr/src/main/java/org/opensearch/hadoop/mr/compat/CounterGroup.java,autonomous
org.opensearch.hadoop.mr.compat.JobContext,mr/src/main/java/org/opensearch/hadoop/mr/compat/JobContext.java,autonomous
org.opensearch.hadoop.mr.compat.MapContext,mr/src/main/java/org/opensearch/hadoop/mr/compat/MapContext.java,autonomous
org.opensearch.hadoop.mr.compat.ReduceContext,mr/src/main/java/org/opensearch/hadoop/mr/compat/ReduceContext.java,autonomous
org.opensearch.hadoop.mr.compat.ReflectiveInvoker,mr/src/main/java/org/opensearch/hadoop/mr/compat/ReflectiveInvoker.java,autonomous
org.opensearch.hadoop.mr.compat.TaskAttemptContext,mr/src/main/java/org/opensearch/hadoop/mr/compat/TaskAttemptContext.java,autonomous
org.opensearch.hadoop.mr.compat.TaskInputOutputContext,mr/src/main/java/org/opensearch/hadoop/mr/compat/TaskInputOutputContext.java,autonomous
org.opensearch.hadoop.mr.security.HadoopRealUserProvider,mr/src/main/java/org/opensearch/hadoop/mr/security/HadoopRealUserProvider.java,autonomous
org.opensearch.hadoop.mr.security.HadoopUser,mr/src/main/java/org/opensearch/hadoop/mr/security/HadoopUser.java,autonomous
org.opensearch.hadoop.mr.security.HadoopUserProvider,mr/src/main/java/org/opensearch/hadoop/mr/security/HadoopUserProvider.java,autonomous
org.opensearch.hadoop.mr.security.OpenSearchTokenIdentifier,mr/src/main/java/org/opensearch/hadoop/mr/security/OpenSearchTokenIdentifier.java,autonomous
org.opensearch.hadoop.mr.security.TokenUtil,mr/src/main/java/org/opensearch/hadoop/mr/security/TokenUtil.java,autonomous
org.opensearch.hadoop.rest.DelegatingInputStream,mr/src/main/java/org/opensearch/hadoop/rest/DelegatingInputStream.java,autonomous
org.opensearch.hadoop.rest.ErrorExtractor,mr/src/main/java/org/opensearch/hadoop/rest/ErrorExtractor.java,autonomous
org.opensearch.hadoop.rest.ErrorUtils,mr/src/main/java/org/opensearch/hadoop/rest/ErrorUtils.java,autonomous
org.opensearch.hadoop.rest.HeaderProcessor,mr/src/main/java/org/opensearch/hadoop/rest/HeaderProcessor.java,autonomous
org.opensearch.hadoop.rest.HttpRetryPolicy,mr/src/main/java/org/opensearch/hadoop/rest/HttpRetryPolicy.java,autonomous
org.opensearch.hadoop.rest.HttpStatus,mr/src/main/java/org/opensearch/hadoop/rest/HttpStatus.java,autonomous
org.opensearch.hadoop.rest.InitializationUtils,mr/src/main/java/org/opensearch/hadoop/rest/InitializationUtils.java,autonomous
org.opensearch.hadoop.rest.NetworkClient,mr/src/main/java/org/opensearch/hadoop/rest/NetworkClient.java,autonomous
org.opensearch.hadoop.rest.NetworkUtils,mr/src/main/java/org/opensearch/hadoop/rest/NetworkUtils.java,autonomous
org.opensearch.hadoop.rest.NoHttpRetryPolicy,mr/src/main/java/org/opensearch/hadoop/rest/NoHttpRetryPolicy.java,autonomous
org.opensearch.hadoop.rest.OpenSearchHadoopInvalidRequest,mr/src/main/java/org/opensearch/hadoop/rest/OpenSearchHadoopInvalidRequest.java,autonomous
org.opensearch.hadoop.rest.OpenSearchHadoopNoNodesLeftException,mr/src/main/java/org/opensearch/hadoop/rest/OpenSearchHadoopNoNodesLeftException.java,autonomous
org.opensearch.hadoop.rest.OpenSearchHadoopParsingException,mr/src/main/java/org/opensearch/hadoop/rest/OpenSearchHadoopParsingException.java,autonomous
org.opensearch.hadoop.rest.OpenSearchHadoopRemoteException,mr/src/main/java/org/opensearch/hadoop/rest/OpenSearchHadoopRemoteException.java,autonomous
org.opensearch.hadoop.rest.OpenSearchHadoopTransportException,mr/src/main/java/org/opensearch/hadoop/rest/OpenSearchHadoopTransportException.java,autonomous
org.opensearch.hadoop.rest.PartitionDefinition,mr/src/main/java/org/opensearch/hadoop/rest/PartitionDefinition.java,autonomous
org.opensearch.hadoop.rest.Request,mr/src/main/java/org/opensearch/hadoop/rest/Request.java,autonomous
org.opensearch.hadoop.rest.Resource,mr/src/main/java/org/opensearch/hadoop/rest/Resource.java,autonomous
org.opensearch.hadoop.rest.Response,mr/src/main/java/org/opensearch/hadoop/rest/Response.java,autonomous
org.opensearch.hadoop.rest.RestClient,mr/src/main/java/org/opensearch/hadoop/rest/RestClient.java,autonomous
org.opensearch.hadoop.rest.RestRepository,mr/src/main/java/org/opensearch/hadoop/rest/RestRepository.java,autonomous
org.opensearch.hadoop.rest.RestService,mr/src/main/java/org/opensearch/hadoop/rest/RestService.java,autonomous
org.opensearch.hadoop.rest.Retry,mr/src/main/java/org/opensearch/hadoop/rest/Retry.java,autonomous
org.opensearch.hadoop.rest.ReusableInputStream,mr/src/main/java/org/opensearch/hadoop/rest/ReusableInputStream.java,autonomous
org.opensearch.hadoop.rest.ScrollQuery,mr/src/main/java/org/opensearch/hadoop/rest/ScrollQuery.java,autonomous
org.opensearch.hadoop.rest.SearchRequestBuilder,mr/src/main/java/org/opensearch/hadoop/rest/SearchRequestBuilder.java,autonomous
org.opensearch.hadoop.rest.SimpleHttpRetryPolicy,mr/src/main/java/org/opensearch/hadoop/rest/SimpleHttpRetryPolicy.java,autonomous
org.opensearch.hadoop.rest.SimpleRequest,mr/src/main/java/org/opensearch/hadoop/rest/SimpleRequest.java,autonomous
org.opensearch.hadoop.rest.SimpleResponse,mr/src/main/java/org/opensearch/hadoop/rest/SimpleResponse.java,autonomous
org.opensearch.hadoop.rest.Transport,mr/src/main/java/org/opensearch/hadoop/rest/Transport.java,autonomous
org.opensearch.hadoop.rest.TransportFactory,mr/src/main/java/org/opensearch/hadoop/rest/TransportFactory.java,autonomous
org.opensearch.hadoop.rest.bulk.BulkProcessor,mr/src/main/java/org/opensearch/hadoop/rest/bulk/BulkProcessor.java,autonomous
org.opensearch.hadoop.rest.bulk.BulkResponse,mr/src/main/java/org/opensearch/hadoop/rest/bulk/BulkResponse.java,autonomous
org.opensearch.hadoop.rest.bulk.handler.BulkWriteErrorCollector,mr/src/main/java/org/opensearch/hadoop/rest/bulk/handler/BulkWriteErrorCollector.java,autonomous
org.opensearch.hadoop.rest.bulk.handler.BulkWriteErrorHandler,mr/src/main/java/org/opensearch/hadoop/rest/bulk/handler/BulkWriteErrorHandler.java,autonomous
org.opensearch.hadoop.rest.bulk.handler.BulkWriteFailure,mr/src/main/java/org/opensearch/hadoop/rest/bulk/handler/BulkWriteFailure.java,autonomous
org.opensearch.hadoop.rest.bulk.handler.DelayableErrorCollector,mr/src/main/java/org/opensearch/hadoop/rest/bulk/handler/DelayableErrorCollector.java,autonomous
org.opensearch.hadoop.rest.bulk.handler.IBulkWriteErrorHandler,mr/src/main/java/org/opensearch/hadoop/rest/bulk/handler/IBulkWriteErrorHandler.java,autonomous
org.opensearch.hadoop.rest.bulk.handler.impl.BulkErrorEventConverter,mr/src/main/java/org/opensearch/hadoop/rest/bulk/handler/impl/BulkErrorEventConverter.java,autonomous
org.opensearch.hadoop.rest.bulk.handler.impl.BulkLogRenderer,mr/src/main/java/org/opensearch/hadoop/rest/bulk/handler/impl/BulkLogRenderer.java,autonomous
org.opensearch.hadoop.rest.bulk.handler.impl.BulkWriteHandlerLoader,mr/src/main/java/org/opensearch/hadoop/rest/bulk/handler/impl/BulkWriteHandlerLoader.java,autonomous
org.opensearch.hadoop.rest.bulk.handler.impl.DelegatingErrorHandler,mr/src/main/java/org/opensearch/hadoop/rest/bulk/handler/impl/DelegatingErrorHandler.java,autonomous
org.opensearch.hadoop.rest.bulk.handler.impl.HttpRetryHandler,mr/src/main/java/org/opensearch/hadoop/rest/bulk/handler/impl/HttpRetryHandler.java,autonomous
org.opensearch.hadoop.rest.commonshttp.BytesArrayRequestEntity,mr/src/main/java/org/opensearch/hadoop/rest/commonshttp/BytesArrayRequestEntity.java,autonomous
org.opensearch.hadoop.rest.commonshttp.CommonsHttpTransport,mr/src/main/java/org/opensearch/hadoop/rest/commonshttp/CommonsHttpTransport.java,autonomous
org.opensearch.hadoop.rest.commonshttp.CommonsHttpTransportFactory,mr/src/main/java/org/opensearch/hadoop/rest/commonshttp/CommonsHttpTransportFactory.java,autonomous
org.opensearch.hadoop.rest.commonshttp.DelegatedProtocol,mr/src/main/java/org/opensearch/hadoop/rest/commonshttp/DelegatedProtocol.java,autonomous
org.opensearch.hadoop.rest.commonshttp.DeleteMethodWithBody,mr/src/main/java/org/opensearch/hadoop/rest/commonshttp/DeleteMethodWithBody.java,autonomous
org.opensearch.hadoop.rest.commonshttp.GetMethodWithBody,mr/src/main/java/org/opensearch/hadoop/rest/commonshttp/GetMethodWithBody.java,autonomous
org.opensearch.hadoop.rest.commonshttp.ProtocolAwareHostConfiguration,mr/src/main/java/org/opensearch/hadoop/rest/commonshttp/ProtocolAwareHostConfiguration.java,autonomous
org.opensearch.hadoop.rest.commonshttp.SocksSocketFactory,mr/src/main/java/org/opensearch/hadoop/rest/commonshttp/SocksSocketFactory.java,autonomous
org.opensearch.hadoop.rest.commonshttp.SSLSocketFactory,mr/src/main/java/org/opensearch/hadoop/rest/commonshttp/SSLSocketFactory.java,autonomous
org.opensearch.hadoop.rest.commonshttp.auth.OpenSearchHadoopAuthPolicies,mr/src/main/java/org/opensearch/hadoop/rest/commonshttp/auth/OpenSearchHadoopAuthPolicies.java,autonomous
org.opensearch.hadoop.rest.commonshttp.auth.aws.AwsV4SignerSupport,mr/src/main/java/org/opensearch/hadoop/rest/commonshttp/auth/aws/AwsV4SignerSupport.java,autonomous
org.opensearch.hadoop.rest.commonshttp.auth.bearer.OpenSearchApiKeyAuthScheme,mr/src/main/java/org/opensearch/hadoop/rest/commonshttp/auth/bearer/OpenSearchApiKeyAuthScheme.java,autonomous
org.opensearch.hadoop.rest.commonshttp.auth.bearer.OpenSearchApiKeyCredentials,mr/src/main/java/org/opensearch/hadoop/rest/commonshttp/auth/bearer/OpenSearchApiKeyCredentials.java,autonomous
org.opensearch.hadoop.rest.commonshttp.auth.spnego.SpnegoAuthScheme,mr/src/main/java/org/opensearch/hadoop/rest/commonshttp/auth/spnego/SpnegoAuthScheme.java,autonomous
org.opensearch.hadoop.rest.commonshttp.auth.spnego.SpnegoCredentials,mr/src/main/java/org/opensearch/hadoop/rest/commonshttp/auth/spnego/SpnegoCredentials.java,autonomous
org.opensearch.hadoop.rest.commonshttp.auth.spnego.SpnegoNegotiator,mr/src/main/java/org/opensearch/hadoop/rest/commonshttp/auth/spnego/SpnegoNegotiator.java,autonomous
org.opensearch.hadoop.rest.pooling.PooledHttpTransportFactory,mr/src/main/java/org/opensearch/hadoop/rest/pooling/PooledHttpTransportFactory.java,autonomous
org.opensearch.hadoop.rest.pooling.PooledTransportManager,mr/src/main/java/org/opensearch/hadoop/rest/pooling/PooledTransportManager.java,autonomous
org.opensearch.hadoop.rest.pooling.TransportPool,mr/src/main/java/org/opensearch/hadoop/rest/pooling/TransportPool.java,autonomous
org.opensearch.hadoop.rest.query.BoolQueryBuilder,mr/src/main/java/org/opensearch/hadoop/rest/query/BoolQueryBuilder.java,autonomous
org.opensearch.hadoop.rest.query.ConstantScoreQueryBuilder,mr/src/main/java/org/opensearch/hadoop/rest/query/ConstantScoreQueryBuilder.java,autonomous
org.opensearch.hadoop.rest.query.FilteredQueryBuilder,mr/src/main/java/org/opensearch/hadoop/rest/query/FilteredQueryBuilder.java,autonomous
org.opensearch.hadoop.rest.query.MatchAllQueryBuilder,mr/src/main/java/org/opensearch/hadoop/rest/query/MatchAllQueryBuilder.java,autonomous
org.opensearch.hadoop.rest.query.QueryBuilder,mr/src/main/java/org/opensearch/hadoop/rest/query/QueryBuilder.java,autonomous
org.opensearch.hadoop.rest.query.QueryStringQueryBuilder,mr/src/main/java/org/opensearch/hadoop/rest/query/QueryStringQueryBuilder.java,autonomous
org.opensearch.hadoop.rest.query.QueryUtils,mr/src/main/java/org/opensearch/hadoop/rest/query/QueryUtils.java,autonomous
org.opensearch.hadoop.rest.query.RawQueryBuilder,mr/src/main/java/org/opensearch/hadoop/rest/query/RawQueryBuilder.java,autonomous
org.opensearch.hadoop.rest.query.SimpleQueryParser,mr/src/main/java/org/opensearch/hadoop/rest/query/SimpleQueryParser.java,autonomous
org.opensearch.hadoop.rest.query.TermQueryBuilder,mr/src/main/java/org/opensearch/hadoop/rest/query/TermQueryBuilder.java,autonomous
org.opensearch.hadoop.rest.request.GetAliasesRequestBuilder,mr/src/main/java/org/opensearch/hadoop/rest/request/GetAliasesRequestBuilder.java,autonomous
org.opensearch.hadoop.rest.request.RequestBuilder,mr/src/main/java/org/opensearch/hadoop/rest/request/RequestBuilder.java,autonomous
org.opensearch.hadoop.rest.stats.Stats,mr/src/main/java/org/opensearch/hadoop/rest/stats/Stats.java,autonomous
org.opensearch.hadoop.rest.stats.StatsAware,mr/src/main/java/org/opensearch/hadoop/rest/stats/StatsAware.java,autonomous
org.opensearch.hadoop.security.AuthenticationMethod,mr/src/main/java/org/opensearch/hadoop/security/AuthenticationMethod.java,autonomous
org.opensearch.hadoop.security.JdkUser,mr/src/main/java/org/opensearch/hadoop/security/JdkUser.java,autonomous
org.opensearch.hadoop.security.JdkUserProvider,mr/src/main/java/org/opensearch/hadoop/security/JdkUserProvider.java,autonomous
org.opensearch.hadoop.security.KeystoreWrapper,mr/src/main/java/org/opensearch/hadoop/security/KeystoreWrapper.java,autonomous
org.opensearch.hadoop.security.LoginUtil,mr/src/main/java/org/opensearch/hadoop/security/LoginUtil.java,autonomous
org.opensearch.hadoop.security.OpenSearchHadoopSecurityException,mr/src/main/java/org/opensearch/hadoop/security/OpenSearchHadoopSecurityException.java,autonomous
org.opensearch.hadoop.security.OpenSearchToken,mr/src/main/java/org/opensearch/hadoop/security/OpenSearchToken.java,autonomous
org.opensearch.hadoop.security.SecureSettings,mr/src/main/java/org/opensearch/hadoop/security/SecureSettings.java,autonomous
org.opensearch.hadoop.security.User,mr/src/main/java/org/opensearch/hadoop/security/User.java,autonomous
org.opensearch.hadoop.security.UserProvider,mr/src/main/java/org/opensearch/hadoop/security/UserProvider.java,autonomous
org.opensearch.hadoop.serialization.BytesConverter,mr/src/main/java/org/opensearch/hadoop/serialization/BytesConverter.java,autonomous
org.opensearch.hadoop.serialization.FieldType,mr/src/main/java/org/opensearch/hadoop/serialization/FieldType.java,autonomous
org.opensearch.hadoop.serialization.Generator,mr/src/main/java/org/opensearch/hadoop/serialization/Generator.java,autonomous
org.opensearch.hadoop.serialization.JdkBytesConverter,mr/src/main/java/org/opensearch/hadoop/serialization/JdkBytesConverter.java,autonomous
org.opensearch.hadoop.serialization.MapFieldExtractor,mr/src/main/java/org/opensearch/hadoop/serialization/MapFieldExtractor.java,autonomous
org.opensearch.hadoop.serialization.OpenSearchHadoopSerializationException,mr/src/main/java/org/opensearch/hadoop/serialization/OpenSearchHadoopSerializationException.java,autonomous
org.opensearch.hadoop.serialization.Parser,mr/src/main/java/org/opensearch/hadoop/serialization/Parser.java,autonomous
org.opensearch.hadoop.serialization.ParsingUtils,mr/src/main/java/org/opensearch/hadoop/serialization/ParsingUtils.java,autonomous
org.opensearch.hadoop.serialization.ScrollReader,mr/src/main/java/org/opensearch/hadoop/serialization/ScrollReader.java,autonomous
org.opensearch.hadoop.serialization.ScrollReaderConfigBuilder,mr/src/main/java/org/opensearch/hadoop/serialization/ScrollReaderConfigBuilder.java,autonomous
org.opensearch.hadoop.serialization.SettingsAware,mr/src/main/java/org/opensearch/hadoop/serialization/SettingsAware.java,autonomous
org.opensearch.hadoop.serialization.builder.AbstractValueReader,mr/src/main/java/org/opensearch/hadoop/serialization/builder/AbstractValueReader.java,autonomous
org.opensearch.hadoop.serialization.builder.ContentBuilder,mr/src/main/java/org/opensearch/hadoop/serialization/builder/ContentBuilder.java,autonomous
org.opensearch.hadoop.serialization.builder.FilteringValueWriter,mr/src/main/java/org/opensearch/hadoop/serialization/builder/FilteringValueWriter.java,autonomous
org.opensearch.hadoop.serialization.builder.JdkValueReader,mr/src/main/java/org/opensearch/hadoop/serialization/builder/JdkValueReader.java,autonomous
org.opensearch.hadoop.serialization.builder.JdkValueWriter,mr/src/main/java/org/opensearch/hadoop/serialization/builder/JdkValueWriter.java,autonomous
org.opensearch.hadoop.serialization.builder.NoOpValueWriter,mr/src/main/java/org/opensearch/hadoop/serialization/builder/NoOpValueWriter.java,autonomous
org.opensearch.hadoop.serialization.builder.ValueParsingCallback,mr/src/main/java/org/opensearch/hadoop/serialization/builder/ValueParsingCallback.java,autonomous
org.opensearch.hadoop.serialization.builder.ValueReader,mr/src/main/java/org/opensearch/hadoop/serialization/builder/ValueReader.java,autonomous
org.opensearch.hadoop.serialization.builder.ValueWriter,mr/src/main/java/org/opensearch/hadoop/serialization/builder/ValueWriter.java,autonomous
org.opensearch.hadoop.serialization.bulk.AbstractBulkFactory,mr/src/main/java/org/opensearch/hadoop/serialization/bulk/AbstractBulkFactory.java,autonomous
org.opensearch.hadoop.serialization.bulk.BulkCommand,mr/src/main/java/org/opensearch/hadoop/serialization/bulk/BulkCommand.java,autonomous
org.opensearch.hadoop.serialization.bulk.BulkCommands,mr/src/main/java/org/opensearch/hadoop/serialization/bulk/BulkCommands.java,autonomous
org.opensearch.hadoop.serialization.bulk.BulkEntryWriter,mr/src/main/java/org/opensearch/hadoop/serialization/bulk/BulkEntryWriter.java,autonomous
org.opensearch.hadoop.serialization.bulk.BulkFactory,mr/src/main/java/org/opensearch/hadoop/serialization/bulk/BulkFactory.java,autonomous
org.opensearch.hadoop.serialization.bulk.CreateBulkFactory,mr/src/main/java/org/opensearch/hadoop/serialization/bulk/CreateBulkFactory.java,autonomous
org.opensearch.hadoop.serialization.bulk.DeleteBulkFactory,mr/src/main/java/org/opensearch/hadoop/serialization/bulk/DeleteBulkFactory.java,autonomous
org.opensearch.hadoop.serialization.bulk.DeleteTemplatedBulk,mr/src/main/java/org/opensearch/hadoop/serialization/bulk/DeleteTemplatedBulk.java,autonomous
org.opensearch.hadoop.serialization.bulk.IndexBulkFactory,mr/src/main/java/org/opensearch/hadoop/serialization/bulk/IndexBulkFactory.java,autonomous
org.opensearch.hadoop.serialization.bulk.JsonScriptTemplateBulk,mr/src/main/java/org/opensearch/hadoop/serialization/bulk/JsonScriptTemplateBulk.java,autonomous
org.opensearch.hadoop.serialization.bulk.JsonTemplatedBulk,mr/src/main/java/org/opensearch/hadoop/serialization/bulk/JsonTemplatedBulk.java,autonomous
org.opensearch.hadoop.serialization.bulk.MetadataExtractor,mr/src/main/java/org/opensearch/hadoop/serialization/bulk/MetadataExtractor.java,autonomous
org.opensearch.hadoop.serialization.bulk.PerEntityPoolingMetadataExtractor,mr/src/main/java/org/opensearch/hadoop/serialization/bulk/PerEntityPoolingMetadataExtractor.java,autonomous
org.opensearch.hadoop.serialization.bulk.RawJson,mr/src/main/java/org/opensearch/hadoop/serialization/bulk/RawJson.java,autonomous
org.opensearch.hadoop.serialization.bulk.ScriptTemplateBulk,mr/src/main/java/org/opensearch/hadoop/serialization/bulk/ScriptTemplateBulk.java,autonomous
org.opensearch.hadoop.serialization.bulk.TemplatedBulk,mr/src/main/java/org/opensearch/hadoop/serialization/bulk/TemplatedBulk.java,autonomous
org.opensearch.hadoop.serialization.bulk.UpdateBulkFactory,mr/src/main/java/org/opensearch/hadoop/serialization/bulk/UpdateBulkFactory.java,autonomous
org.opensearch.hadoop.serialization.dto.IndicesAliases,mr/src/main/java/org/opensearch/hadoop/serialization/dto/IndicesAliases.java,autonomous
org.opensearch.hadoop.serialization.dto.NodeInfo,mr/src/main/java/org/opensearch/hadoop/serialization/dto/NodeInfo.java,autonomous
org.opensearch.hadoop.serialization.dto.ShardInfo,mr/src/main/java/org/opensearch/hadoop/serialization/dto/ShardInfo.java,autonomous
org.opensearch.hadoop.serialization.dto.mapping.Field,mr/src/main/java/org/opensearch/hadoop/serialization/dto/mapping/Field.java,autonomous
org.opensearch.hadoop.serialization.dto.mapping.FieldParser,mr/src/main/java/org/opensearch/hadoop/serialization/dto/mapping/FieldParser.java,autonomous
org.opensearch.hadoop.serialization.dto.mapping.GeoField,mr/src/main/java/org/opensearch/hadoop/serialization/dto/mapping/GeoField.java,autonomous
org.opensearch.hadoop.serialization.dto.mapping.GeoPointType,mr/src/main/java/org/opensearch/hadoop/serialization/dto/mapping/GeoPointType.java,autonomous
org.opensearch.hadoop.serialization.dto.mapping.GeoShapeType,mr/src/main/java/org/opensearch/hadoop/serialization/dto/mapping/GeoShapeType.java,autonomous
org.opensearch.hadoop.serialization.dto.mapping.Mapping,mr/src/main/java/org/opensearch/hadoop/serialization/dto/mapping/Mapping.java,autonomous
org.opensearch.hadoop.serialization.dto.mapping.MappingSet,mr/src/main/java/org/opensearch/hadoop/serialization/dto/mapping/MappingSet.java,autonomous
org.opensearch.hadoop.serialization.dto.mapping.MappingUtils,mr/src/main/java/org/opensearch/hadoop/serialization/dto/mapping/MappingUtils.java,autonomous
org.opensearch.hadoop.serialization.field.AbstractDefaultParamsExtractor,mr/src/main/java/org/opensearch/hadoop/serialization/field/AbstractDefaultParamsExtractor.java,autonomous
org.opensearch.hadoop.serialization.field.AbstractIndexExtractor,mr/src/main/java/org/opensearch/hadoop/serialization/field/AbstractIndexExtractor.java,autonomous
org.opensearch.hadoop.serialization.field.ChainedFieldExtractor,mr/src/main/java/org/opensearch/hadoop/serialization/field/ChainedFieldExtractor.java,autonomous
org.opensearch.hadoop.serialization.field.ConstantFieldExtractor,mr/src/main/java/org/opensearch/hadoop/serialization/field/ConstantFieldExtractor.java,autonomous
org.opensearch.hadoop.serialization.field.DateIndexFormatter,mr/src/main/java/org/opensearch/hadoop/serialization/field/DateIndexFormatter.java,autonomous
org.opensearch.hadoop.serialization.field.DefaultIndexExtractor,mr/src/main/java/org/opensearch/hadoop/serialization/field/DefaultIndexExtractor.java,autonomous
org.opensearch.hadoop.serialization.field.DefaultParamsExtractor,mr/src/main/java/org/opensearch/hadoop/serialization/field/DefaultParamsExtractor.java,autonomous
org.opensearch.hadoop.serialization.field.ExtractorUtils,mr/src/main/java/org/opensearch/hadoop/serialization/field/ExtractorUtils.java,autonomous
org.opensearch.hadoop.serialization.field.FieldExplainer,mr/src/main/java/org/opensearch/hadoop/serialization/field/FieldExplainer.java,autonomous
org.opensearch.hadoop.serialization.field.FieldExtractor,mr/src/main/java/org/opensearch/hadoop/serialization/field/FieldExtractor.java,autonomous
org.opensearch.hadoop.serialization.field.FieldFilter,mr/src/main/java/org/opensearch/hadoop/serialization/field/FieldFilter.java,autonomous
org.opensearch.hadoop.serialization.field.IndexExtractor,mr/src/main/java/org/opensearch/hadoop/serialization/field/IndexExtractor.java,autonomous
org.opensearch.hadoop.serialization.field.IndexFormatter,mr/src/main/java/org/opensearch/hadoop/serialization/field/IndexFormatter.java,autonomous
org.opensearch.hadoop.serialization.field.JsonFieldExtractors,mr/src/main/java/org/opensearch/hadoop/serialization/field/JsonFieldExtractors.java,autonomous
org.opensearch.hadoop.serialization.field.MapWritableFieldExtractor,mr/src/main/java/org/opensearch/hadoop/serialization/field/MapWritableFieldExtractor.java,autonomous
org.opensearch.hadoop.serialization.field.NoOpFieldExtractor,mr/src/main/java/org/opensearch/hadoop/serialization/field/NoOpFieldExtractor.java,autonomous
org.opensearch.hadoop.serialization.handler.SerdeErrorCollector,mr/src/main/java/org/opensearch/hadoop/serialization/handler/SerdeErrorCollector.java,autonomous
org.opensearch.hadoop.serialization.handler.read.DeserializationErrorHandler,mr/src/main/java/org/opensearch/hadoop/serialization/handler/read/DeserializationErrorHandler.java,autonomous
org.opensearch.hadoop.serialization.handler.read.DeserializationFailure,mr/src/main/java/org/opensearch/hadoop/serialization/handler/read/DeserializationFailure.java,autonomous
org.opensearch.hadoop.serialization.handler.read.IDeserializationErrorHandler,mr/src/main/java/org/opensearch/hadoop/serialization/handler/read/IDeserializationErrorHandler.java,autonomous
org.opensearch.hadoop.serialization.handler.read.impl.AbortOnlyHandlerLoader,mr/src/main/java/org/opensearch/hadoop/serialization/handler/read/impl/AbortOnlyHandlerLoader.java,autonomous
org.opensearch.hadoop.serialization.handler.read.impl.DelegatingErrorHandler,mr/src/main/java/org/opensearch/hadoop/serialization/handler/read/impl/DelegatingErrorHandler.java,autonomous
org.opensearch.hadoop.serialization.handler.read.impl.DeserializationEventConverter,mr/src/main/java/org/opensearch/hadoop/serialization/handler/read/impl/DeserializationEventConverter.java,autonomous
org.opensearch.hadoop.serialization.handler.read.impl.DeserializationHandlerLoader,mr/src/main/java/org/opensearch/hadoop/serialization/handler/read/impl/DeserializationHandlerLoader.java,autonomous
org.opensearch.hadoop.serialization.handler.read.impl.DeserializationLogRenderer,mr/src/main/java/org/opensearch/hadoop/serialization/handler/read/impl/DeserializationLogRenderer.java,autonomous
org.opensearch.hadoop.serialization.handler.write.ISerializationErrorHandler,mr/src/main/java/org/opensearch/hadoop/serialization/handler/write/ISerializationErrorHandler.java,autonomous
org.opensearch.hadoop.serialization.handler.write.SerializationErrorHandler,mr/src/main/java/org/opensearch/hadoop/serialization/handler/write/SerializationErrorHandler.java,autonomous
org.opensearch.hadoop.serialization.handler.write.SerializationFailure,mr/src/main/java/org/opensearch/hadoop/serialization/handler/write/SerializationFailure.java,autonomous
org.opensearch.hadoop.serialization.handler.write.impl.DelegatingErrorHandler,mr/src/main/java/org/opensearch/hadoop/serialization/handler/write/impl/DelegatingErrorHandler.java,autonomous
org.opensearch.hadoop.serialization.handler.write.impl.SerializationEventConverter,mr/src/main/java/org/opensearch/hadoop/serialization/handler/write/impl/SerializationEventConverter.java,autonomous
org.opensearch.hadoop.serialization.handler.write.impl.SerializationHandlerLoader,mr/src/main/java/org/opensearch/hadoop/serialization/handler/write/impl/SerializationHandlerLoader.java,autonomous
org.opensearch.hadoop.serialization.handler.write.impl.SerializationLogRenderer,mr/src/main/java/org/opensearch/hadoop/serialization/handler/write/impl/SerializationLogRenderer.java,autonomous
org.opensearch.hadoop.serialization.json.BlockAwareJsonParser,mr/src/main/java/org/opensearch/hadoop/serialization/json/BlockAwareJsonParser.java,autonomous
org.opensearch.hadoop.serialization.json.JacksonJsonGenerator,mr/src/main/java/org/opensearch/hadoop/serialization/json/JacksonJsonGenerator.java,autonomous
org.opensearch.hadoop.serialization.json.JacksonJsonParser,mr/src/main/java/org/opensearch/hadoop/serialization/json/JacksonJsonParser.java,autonomous
org.opensearch.hadoop.serialization.json.JsonFactory,mr/src/main/java/org/opensearch/hadoop/serialization/json/JsonFactory.java,autonomous
org.opensearch.hadoop.serialization.json.ObjectReader,mr/src/main/java/org/opensearch/hadoop/serialization/json/ObjectReader.java,autonomous
org.opensearch.hadoop.util.ArrayUtils,mr/src/main/java/org/opensearch/hadoop/util/ArrayUtils.java,autonomous
org.opensearch.hadoop.util.Assert,mr/src/main/java/org/opensearch/hadoop/util/Assert.java,autonomous
org.opensearch.hadoop.util.BytesArray,mr/src/main/java/org/opensearch/hadoop/util/BytesArray.java,autonomous
org.opensearch.hadoop.util.BytesArrayPool,mr/src/main/java/org/opensearch/hadoop/util/BytesArrayPool.java,autonomous
org.opensearch.hadoop.util.ByteSequence,mr/src/main/java/org/opensearch/hadoop/util/ByteSequence.java,autonomous
org.opensearch.hadoop.util.BytesRef,mr/src/main/java/org/opensearch/hadoop/util/BytesRef.java,autonomous
org.opensearch.hadoop.util.ClusterInfo,mr/src/main/java/org/opensearch/hadoop/util/ClusterInfo.java,autonomous
org.opensearch.hadoop.util.ClusterName,mr/src/main/java/org/opensearch/hadoop/util/ClusterName.java,autonomous
org.opensearch.hadoop.util.Constants,mr/src/main/java/org/opensearch/hadoop/util/Constants.java,autonomous
org.opensearch.hadoop.util.DateUtils,mr/src/main/java/org/opensearch/hadoop/util/DateUtils.java,autonomous
org.opensearch.hadoop.util.FastByteArrayInputStream,mr/src/main/java/org/opensearch/hadoop/util/FastByteArrayInputStream.java,autonomous
org.opensearch.hadoop.util.FastByteArrayOutputStream,mr/src/main/java/org/opensearch/hadoop/util/FastByteArrayOutputStream.java,autonomous
org.opensearch.hadoop.util.FieldAlias,mr/src/main/java/org/opensearch/hadoop/util/FieldAlias.java,autonomous
org.opensearch.hadoop.util.IOUtils,mr/src/main/java/org/opensearch/hadoop/util/IOUtils.java,autonomous
org.opensearch.hadoop.util.ObjectUtils,mr/src/main/java/org/opensearch/hadoop/util/ObjectUtils.java,autonomous
org.opensearch.hadoop.util.OpenSearchMajorVersion,mr/src/main/java/org/opensearch/hadoop/util/OpenSearchMajorVersion.java,autonomous
org.opensearch.hadoop.util.OsUtil,mr/src/main/java/org/opensearch/hadoop/util/OsUtil.java,autonomous
org.opensearch.hadoop.util.ReflectionUtils,mr/src/main/java/org/opensearch/hadoop/util/ReflectionUtils.java,autonomous
org.opensearch.hadoop.util.SettingsUtils,mr/src/main/java/org/opensearch/hadoop/util/SettingsUtils.java,autonomous
org.opensearch.hadoop.util.StringUtils,mr/src/main/java/org/opensearch/hadoop/util/StringUtils.java,autonomous
org.opensearch.hadoop.util.TrackingBytesArray,mr/src/main/java/org/opensearch/hadoop/util/TrackingBytesArray.java,autonomous
org.opensearch.hadoop.util.UnicodeUtil,mr/src/main/java/org/opensearch/hadoop/util/UnicodeUtil.java,autonomous
org.opensearch.hadoop.util.Version,mr/src/main/java/org/opensearch/hadoop/util/Version.java,autonomous
org.opensearch.hadoop.util.WritableUtils,mr/src/main/java/org/opensearch/hadoop/util/WritableUtils.java,autonomous
org.opensearch.hadoop.util.ecs.ElasticCommonSchema,mr/src/main/java/org/opensearch/hadoop/util/ecs/ElasticCommonSchema.java,autonomous
org.opensearch.hadoop.util.ecs.FieldNames,mr/src/main/java/org/opensearch/hadoop/util/ecs/FieldNames.java,autonomous
org.opensearch.hadoop.util.ecs.HostData,mr/src/main/java/org/opensearch/hadoop/util/ecs/HostData.java,autonomous
org.opensearch.hadoop.util.ecs.MessageTemplate,mr/src/main/java/org/opensearch/hadoop/util/ecs/MessageTemplate.java,autonomous
org.opensearch.hadoop.util.encoding.HttpEncodingTools,mr/src/main/java/org/opensearch/hadoop/util/encoding/HttpEncodingTools.java,autonomous
org.opensearch.hadoop.util.regex.Regex,mr/src/main/java/org/opensearch/hadoop/util/regex/Regex.java,autonomous
org.opensearch.hadoop.util.unit.Booleans,mr/src/main/java/org/opensearch/hadoop/util/unit/Booleans.java,autonomous
org.opensearch.hadoop.util.unit.ByteSizeUnit,mr/src/main/java/org/opensearch/hadoop/util/unit/ByteSizeUnit.java,autonomous
org.opensearch.hadoop.util.unit.ByteSizeValue,mr/src/main/java/org/opensearch/hadoop/util/unit/ByteSizeValue.java,autonomous
org.opensearch.hadoop.util.unit.Strings,mr/src/main/java/org/opensearch/hadoop/util/unit/Strings.java,autonomous
org.opensearch.hadoop.util.unit.TimeValue,mr/src/main/java/org/opensearch/hadoop/util/unit/TimeValue.java,autonomous
org.apache.hadoop.conf.Configuration,oss_hadoop_src/org/apache/hadoop/conf/Configuration.java,Apache-2.0
org.apache.hadoop.filecache.DistributedCache,oss_hadoop_src/org/apache/hadoop/filecache/DistributedCache.java,Apache-2.0
org.apache.hadoop.fs.FileSystem,oss_hadoop_src/org/apache/hadoop/fs/FileSystem.java,Apache-2.0
org.apache.hadoop.fs.Path,oss_hadoop_src/org/apache/hadoop/fs/Path.java,Apache-2.0
org.apache.hadoop.hive.ql.exec.FileSinkOperator,oss_hadoop_src/org/apache/hadoop/hive/ql/exec/FileSinkOperator.java,Apache-2.0
org.apache.hadoop.hive.serde2.SerDeException,oss_hadoop_src/org/apache/hadoop/hive/serde2/SerDeException.java,Apache-2.0
org.apache.hadoop.hive.serde2.objectinspector.ListObjectInspector,oss_hadoop_src/org/apache/hadoop/hive/serde2/objectinspector/ListObjectInspector.java,Apache-2.0
org.apache.hadoop.hive.serde2.objectinspector.MapObjectInspector,oss_hadoop_src/org/apache/hadoop/hive/serde2/objectinspector/MapObjectInspector.java,Apache-2.0
org.apache.hadoop.hive.serde2.objectinspector.ObjectInspector,oss_hadoop_src/org/apache/hadoop/hive/serde2/objectinspector/ObjectInspector.java,Apache-2.0
org.apache.hadoop.hive.serde2.objectinspector.ObjectInspectorFactory,oss_hadoop_src/org/apache/hadoop/hive/serde2/objectinspector/ObjectInspectorFactory.java,Apache-2.0
org.apache.hadoop.hive.serde2.objectinspector.PrimitiveObjectInspector,oss_hadoop_src/org/apache/hadoop/hive/serde2/objectinspector/PrimitiveObjectInspector.java,Apache-2.0
org.apache.hadoop.hive.serde2.objectinspector.StandardStructObjectInspector,oss_hadoop_src/org/apache/hadoop/hive/serde2/objectinspector/StandardStructObjectInspector.java,Apache-2.0
org.apache.hadoop.hive.serde2.objectinspector.StructField,oss_hadoop_src/org/apache/hadoop/hive/serde2/objectinspector/StructField.java,Apache-2.0
org.apache.hadoop.hive.serde2.objectinspector.StructObjectInspector,oss_hadoop_src/org/apache/hadoop/hive/serde2/objectinspector/StructObjectInspector.java,Apache-2.0
org.apache.hadoop.io.AbstractMapWritable,oss_hadoop_src/org/apache/hadoop/io/AbstractMapWritable.java,Apache-2.0
org.apache.hadoop.io.ArrayFile,oss_hadoop_src/org/apache/hadoop/io/ArrayFile.java,Apache-2.0
org.apache.hadoop.io.ArrayWritable,oss_hadoop_src/org/apache/hadoop/io/ArrayWritable.java,Apache-2.0
org.apache.hadoop.io.BinaryComparable,oss_hadoop_src/org/apache/hadoop/io/BinaryComparable.java,Apache-2.0
org.apache.hadoop.io.BooleanWritable,oss_hadoop_src/org/apache/hadoop/io/BooleanWritable.java,Apache-2.0
org.apache.hadoop.io.BytesWritable,oss_hadoop_src/org/apache/hadoop/io/BytesWritable.java,Apache-2.0
org.apache.hadoop.io.ByteWritable,oss_hadoop_src/org/apache/hadoop/io/ByteWritable.java,Apache-2.0
org.apache.hadoop.io.Closeable,oss_hadoop_src/org/apache/hadoop/io/Closeable.java,Apache-2.0
org.apache.hadoop.io.CompressedWritable,oss_hadoop_src/org/apache/hadoop/io/CompressedWritable.java,Apache-2.0
org.apache.hadoop.io.DataInputBuffer,oss_hadoop_src/org/apache/hadoop/io/DataInputBuffer.java,Apache-2.0
org.apache.hadoop.io.DataOutputBuffer,oss_hadoop_src/org/apache/hadoop/io/DataOutputBuffer.java,Apache-2.0
org.apache.hadoop.io.DefaultStringifier,oss_hadoop_src/org/apache/hadoop/io/DefaultStringifier.java,Apache-2.0
org.apache.hadoop.io.DoubleWritable,oss_hadoop_src/org/apache/hadoop/io/DoubleWritable.java,Apache-2.0
org.apache.hadoop.io.FileBench,oss_hadoop_src/org/apache/hadoop/io/FileBench.java,Apache-2.0
org.apache.hadoop.io.FloatWritable,oss_hadoop_src/org/apache/hadoop/io/FloatWritable.java,Apache-2.0
org.apache.hadoop.io.GenericWritable,oss_hadoop_src/org/apache/hadoop/io/GenericWritable.java,Apache-2.0
org.apache.hadoop.io.InputBuffer,oss_hadoop_src/org/apache/hadoop/io/InputBuffer.java,Apache-2.0
org.apache.hadoop.io.IntWritable,oss_hadoop_src/org/apache/hadoop/io/IntWritable.java,Apache-2.0
org.apache.hadoop.io.IOUtils,oss_hadoop_src/org/apache/hadoop/io/IOUtils.java,Apache-2.0
org.apache.hadoop.io.LongWritable,oss_hadoop_src/org/apache/hadoop/io/LongWritable.java,Apache-2.0
org.apache.hadoop.io.MapFile,oss_hadoop_src/org/apache/hadoop/io/MapFile.java,Apache-2.0
org.apache.hadoop.io.MapWritable,oss_hadoop_src/org/apache/hadoop/io/MapWritable.java,Apache-2.0
org.apache.hadoop.io.MD5Hash,oss_hadoop_src/org/apache/hadoop/io/MD5Hash.java,Apache-2.0
org.apache.hadoop.io.MultipleIOException,oss_hadoop_src/org/apache/hadoop/io/MultipleIOException.java,Apache-2.0
org.apache.hadoop.io.NullWritable,oss_hadoop_src/org/apache/hadoop/io/NullWritable.java,Apache-2.0
org.apache.hadoop.io.ObjectWritable,oss_hadoop_src/org/apache/hadoop/io/ObjectWritable.java,Apache-2.0
org.apache.hadoop.io.OutputBuffer,oss_hadoop_src/org/apache/hadoop/io/OutputBuffer.java,Apache-2.0
org.apache.hadoop.io.RandomDatum,oss_hadoop_src/org/apache/hadoop/io/RandomDatum.java,Apache-2.0
org.apache.hadoop.io.RawComparator,oss_hadoop_src/org/apache/hadoop/io/RawComparator.java,Apache-2.0
org.apache.hadoop.io.SequenceFile,oss_hadoop_src/org/apache/hadoop/io/SequenceFile.java,Apache-2.0
org.apache.hadoop.io.SetFile,oss_hadoop_src/org/apache/hadoop/io/SetFile.java,Apache-2.0
org.apache.hadoop.io.SortedMapWritable,oss_hadoop_src/org/apache/hadoop/io/SortedMapWritable.java,Apache-2.0
org.apache.hadoop.io.Stringifier,oss_hadoop_src/org/apache/hadoop/io/Stringifier.java,Apache-2.0
org.apache.hadoop.io.TestArrayFile,oss_hadoop_src/org/apache/hadoop/io/TestArrayFile.java,Apache-2.0
org.apache.hadoop.io.TestArrayWritable,oss_hadoop_src/org/apache/hadoop/io/TestArrayWritable.java,Apache-2.0
org.apache.hadoop.io.TestBytesWritable,oss_hadoop_src/org/apache/hadoop/io/TestBytesWritable.java,Apache-2.0
org.apache.hadoop.io.TestDefaultStringifier,oss_hadoop_src/org/apache/hadoop/io/TestDefaultStringifier.java,Apache-2.0
org.apache.hadoop.io.TestGenericWritable,oss_hadoop_src/org/apache/hadoop/io/TestGenericWritable.java,Apache-2.0
org.apache.hadoop.io.TestMapFile,oss_hadoop_src/org/apache/hadoop/io/TestMapFile.java,Apache-2.0
org.apache.hadoop.io.TestMapWritable,oss_hadoop_src/org/apache/hadoop/io/TestMapWritable.java,Apache-2.0
org.apache.hadoop.io.TestMD5Hash,oss_hadoop_src/org/apache/hadoop/io/TestMD5Hash.java,Apache-2.0
org.apache.hadoop.io.TestSequenceFile,oss_hadoop_src/org/apache/hadoop/io/TestSequenceFile.java,Apache-2.0
org.apache.hadoop.io.TestSequenceFileMergeProgress,oss_hadoop_src/org/apache/hadoop/io/TestSequenceFileMergeProgress.java,Apache-2.0
org.apache.hadoop.io.TestSequenceFileSerialization,oss_hadoop_src/org/apache/hadoop/io/TestSequenceFileSerialization.java,Apache-2.0
org.apache.hadoop.io.TestSetFile,oss_hadoop_src/org/apache/hadoop/io/TestSetFile.java,Apache-2.0
org.apache.hadoop.io.TestSortedMapWritable,oss_hadoop_src/org/apache/hadoop/io/TestSortedMapWritable.java,Apache-2.0
org.apache.hadoop.io.TestText,oss_hadoop_src/org/apache/hadoop/io/TestText.java,Apache-2.0
org.apache.hadoop.io.TestTextNonUTF8,oss_hadoop_src/org/apache/hadoop/io/TestTextNonUTF8.java,Apache-2.0
org.apache.hadoop.io.TestUTF8,oss_hadoop_src/org/apache/hadoop/io/TestUTF8.java,Apache-2.0
org.apache.hadoop.io.TestVersionedWritable,oss_hadoop_src/org/apache/hadoop/io/TestVersionedWritable.java,Apache-2.0
org.apache.hadoop.io.TestWritable,oss_hadoop_src/org/apache/hadoop/io/TestWritable.java,Apache-2.0
org.apache.hadoop.io.TestWritableUtils,oss_hadoop_src/org/apache/hadoop/io/TestWritableUtils.java,Apache-2.0
org.apache.hadoop.io.Text,oss_hadoop_src/org/apache/hadoop/io/Text.java,Apache-2.0
org.apache.hadoop.io.TwoDArrayWritable,oss_hadoop_src/org/apache/hadoop/io/TwoDArrayWritable.java,Apache-2.0
org.apache.hadoop.io.UTF8,oss_hadoop_src/org/apache/hadoop/io/UTF8.java,Apache-2.0
org.apache.hadoop.io.VersionedWritable,oss_hadoop_src/org/apache/hadoop/io/VersionedWritable.java,Apache-2.0
org.apache.hadoop.io.VersionMismatchException,oss_hadoop_src/org/apache/hadoop/io/VersionMismatchException.java,Apache-2.0
org.apache.hadoop.io.VIntWritable,oss_hadoop_src/org/apache/hadoop/io/VIntWritable.java,Apache-2.0
org.apache.hadoop.io.VLongWritable,oss_hadoop_src/org/apache/hadoop/io/VLongWritable.java,Apache-2.0
org.apache.hadoop.io.Writable,oss_hadoop_src/org/apache/hadoop/io/Writable.java,Apache-2.0
org.apache.hadoop.io.WritableComparable,oss_hadoop_src/org/apache/hadoop/io/WritableComparable.java,Apache-2.0
org.apache.hadoop.io.WritableComparator,oss_hadoop_src/org/apache/hadoop/io/WritableComparator.java,Apache-2.0
org.apache.hadoop.io.WritableFactories,oss_hadoop_src/org/apache/hadoop/io/WritableFactories.java,Apache-2.0
org.apache.hadoop.io.WritableFactory,oss_hadoop_src/org/apache/hadoop/io/WritableFactory.java,Apache-2.0
org.apache.hadoop.io.WritableName,oss_hadoop_src/org/apache/hadoop/io/WritableName.java,Apache-2.0
org.apache.hadoop.io.WritableUtils,oss_hadoop_src/org/apache/hadoop/io/WritableUtils.java,Apache-2.0
org.apache.hadoop.mapred.FileInputFormat,oss_hadoop_src/org/apache/hadoop/mapred/FileInputFormat.java,Apache-2.0
org.apache.hadoop.mapred.FileSplit,oss_hadoop_src/org/apache/hadoop/mapred/FileSplit.java,Apache-2.0
org.apache.hadoop.mapred.InputFormat,oss_hadoop_src/org/apache/hadoop/mapred/InputFormat.java,Apache-2.0
org.apache.hadoop.mapred.InputSplit,oss_hadoop_src/org/apache/hadoop/mapred/InputSplit.java,Apache-2.0
org.apache.hadoop.mapred.JobConf,oss_hadoop_src/org/apache/hadoop/mapred/JobConf.java,Apache-2.0
org.apache.hadoop.mapred.OutputFormat,oss_hadoop_src/org/apache/hadoop/mapred/OutputFormat.java,Apache-2.0
org.apache.hadoop.mapred.Reporter,oss_hadoop_src/org/apache/hadoop/mapred/Reporter.java,Apache-2.0
org.apache.hadoop.mapred.TaskAttemptID,oss_hadoop_src/org/apache/hadoop/mapred/TaskAttemptID.java,Apache-2.0
org.apache.hadoop.mapred.TaskID,oss_hadoop_src/org/apache/hadoop/mapred/TaskID.java,Apache-2.0
org.apache.hadoop.security.UserGroupInformation,oss_hadoop_src/org/apache/hadoop/security/UserGroupInformation.java,Apache-2.0
org.apache.hadoop.util.Progressable,oss_hadoop_src/org/apache/hadoop/util/Progressable.java,Apache-2.0
org.apache.hadoop.util.ReflectionUtils,oss_hadoop_src/org/apache/hadoop/util/ReflectionUtils.java,Apache-2.0
org.apache.hadoop.util.VersionInfo,oss_hadoop_src/org/apache/hadoop/util/VersionInfo.java,Apache-2.0
org.opensearch.spark.integration.AbstractHadoopBasicSparkTest,spark/core/src/itest/java/org/opensearch/spark/integration/AbstractHadoopBasicSparkTest.java,autonomous
org.opensearch.spark.integration.AbstractJavaOpenSearchSparkTest,spark/core/src/itest/java/org/opensearch/spark/integration/AbstractJavaOpenSearchSparkTest.java,autonomous
org.opensearch.spark.integration.ScalaUtils,spark/core/src/itest/java/org/opensearch/spark/integration/ScalaUtils.java,autonomous
org.opensearch.spark.integration.SparkSuite,spark/core/src/itest/java/org/opensearch/spark/integration/SparkSuite.java,autonomous
org.opensearch.spark.integration.SparkUtils,spark/core/src/itest/java/org/opensearch/spark/integration/SparkUtils.java,autonomous
org.opensearch.spark.integration.SparkScalaSuite,spark/core/src/itest/scala/org/opensearch/spark/integration/SparkScalaSuite.java,autonomous
org.opensearch.spark.serialization.Bean,spark/core/src/itest/scala/org/opensearch/spark/serialization/Bean.java,autonomous
org.opensearch.spark.cfg.package-info,spark/core/src/main/scala/org/opensearch/spark/cfg/package-info.java,autonomous
org.opensearch.spark.cfg.SparkSettings,spark/core/src/main/scala/org/opensearch/spark/cfg/SparkSettings.java,autonomous
org.opensearch.spark.cfg.SparkSettingsManager,spark/core/src/main/scala/org/opensearch/spark/cfg/SparkSettingsManager.java,autonomous
org.opensearch.spark.rdd.CompatUtils,spark/core/src/main/scala/org/opensearch/spark/rdd/CompatUtils.java,autonomous
org.opensearch.spark.rdd.Metadata,spark/core/src/main/scala/org/opensearch/spark/rdd/Metadata.java,autonomous
org.opensearch.spark.rdd.api.java.package-info,spark/core/src/main/scala/org/opensearch/spark/rdd/api/java/package-info.java,autonomous
org.opensearch.spark.integration.AbstractJavaOpenSearchSparkSQLTest,spark/sql-20/src/itest/java/org/opensearch/spark/integration/AbstractJavaOpenSearchSparkSQLTest.java,autonomous
org.opensearch.spark.integration.AbstractJavaOpenSearchSparkStreamingTest,spark/sql-20/src/itest/java/org/opensearch/spark/integration/AbstractJavaOpenSearchSparkStreamingTest.java,autonomous
org.opensearch.spark.integration.SparkSQLSuite,spark/sql-20/src/itest/java/org/opensearch/spark/integration/SparkSQLSuite.java,autonomous
org.opensearch.spark.integration.SparkStreamingSuite,spark/sql-20/src/itest/java/org/opensearch/spark/integration/SparkStreamingSuite.java,autonomous
org.opensearch.spark.integration.SparkUtils,spark/sql-20/src/itest/java/org/opensearch/spark/integration/SparkUtils.java,autonomous
org.opensearch.spark.sql.UtilsTest,spark/sql-20/src/itest/java/org/opensearch/spark/sql/UtilsTest.java,autonomous
org.opensearch.spark.integration.AbstractJavaOpenSearchSparkStructuredStreamingTest,spark/sql-20/src/itest/scala/org/opensearch/spark/integration/AbstractJavaOpenSearchSparkStructuredStreamingTest.java,autonomous
org.opensearch.spark.integration.SparkSQLScalaSuite,spark/sql-20/src/itest/scala/org/opensearch/spark/integration/SparkSQLScalaSuite.java,autonomous
org.opensearch.spark.integration.SparkStreamingScalaSuite,spark/sql-20/src/itest/scala/org/opensearch/spark/integration/SparkStreamingScalaSuite.java,autonomous
org.opensearch.spark.integration.SparkStructuredStreamingScalaSuite,spark/sql-20/src/itest/scala/org/opensearch/spark/integration/SparkStructuredStreamingScalaSuite.java,autonomous
org.opensearch.spark.integration.SparkStructuredStreamingSuite,spark/sql-20/src/itest/scala/org/opensearch/spark/integration/SparkStructuredStreamingSuite.java,autonomous
org.opensearch.spark.serialization.Bean,spark/sql-20/src/itest/scala/org/opensearch/spark/serialization/Bean.java,autonomous
org.opensearch.spark.sql.streaming.NetcatTestServer,spark/sql-20/src/itest/scala/org/opensearch/spark/sql/streaming/NetcatTestServer.java,autonomous
org.opensearch.spark.sql.streaming.api.java.JavaStreamingQueryTestHarness,spark/sql-20/src/itest/scala/org/opensearch/spark/sql/streaming/api/java/JavaStreamingQueryTestHarness.java,autonomous
org.opensearch.spark.sql.Utils,spark/sql-20/src/main/scala/org/opensearch/spark/sql/Utils.java,autonomous
org.opensearch.spark.sql.api.java.package-info,spark/sql-20/src/main/scala/org/opensearch/spark/sql/api/java/package-info.java,autonomous
org.opensearch.spark.streaming.api.java.package-info,spark/sql-20/src/main/scala/org/opensearch/spark/streaming/api/java/package-info.java,autonomous
org.opensearch.spark.integration.AbstractJavaOpenSearchSparkSQLTest,spark/sql-30/src/itest/java/org/opensearch/spark/integration/AbstractJavaOpenSearchSparkSQLTest.java,autonomous
org.opensearch.spark.integration.AbstractJavaOpenSearchSparkStreamingTest,spark/sql-30/src/itest/java/org/opensearch/spark/integration/AbstractJavaOpenSearchSparkStreamingTest.java,autonomous
org.opensearch.spark.integration.ScalaUtils,spark/sql-30/src/itest/java/org/opensearch/spark/integration/ScalaUtils.java,autonomous
org.opensearch.spark.integration.SparkSQLSuite,spark/sql-30/src/itest/java/org/opensearch/spark/integration/SparkSQLSuite.java,autonomous
org.opensearch.spark.integration.SparkStreamingSuite,spark/sql-30/src/itest/java/org/opensearch/spark/integration/SparkStreamingSuite.java,autonomous
org.opensearch.spark.integration.SparkUtils,spark/sql-30/src/itest/java/org/opensearch/spark/integration/SparkUtils.java,autonomous
org.opensearch.spark.sql.UtilsTest,spark/sql-30/src/itest/java/org/opensearch/spark/sql/UtilsTest.java,autonomous
org.opensearch.spark.integration.AbstractJavaOpenSearchSparkStructuredStreamingTest,spark/sql-30/src/itest/scala/org/opensearch/spark/integration/AbstractJavaOpenSearchSparkStructuredStreamingTest.java,autonomous
org.opensearch.spark.integration.SparkSQLScalaSuite,spark/sql-30/src/itest/scala/org/opensearch/spark/integration/SparkSQLScalaSuite.java,autonomous
org.opensearch.spark.integration.SparkStreamingScalaSuite,spark/sql-30/src/itest/scala/org/opensearch/spark/integration/SparkStreamingScalaSuite.java,autonomous
org.opensearch.spark.integration.SparkStructuredStreamingScalaSuite,spark/sql-30/src/itest/scala/org/opensearch/spark/integration/SparkStructuredStreamingScalaSuite.java,autonomous
org.opensearch.spark.integration.SparkStructuredStreamingSuite,spark/sql-30/src/itest/scala/org/opensearch/spark/integration/SparkStructuredStreamingSuite.java,autonomous
org.opensearch.spark.serialization.Bean,spark/sql-30/src/itest/scala/org/opensearch/spark/serialization/Bean.java,autonomous
org.opensearch.spark.sql.streaming.NetcatTestServer,spark/sql-30/src/itest/scala/org/opensearch/spark/sql/streaming/NetcatTestServer.java,autonomous
org.opensearch.spark.sql.streaming.api.java.JavaStreamingQueryTestHarness,spark/sql-30/src/itest/scala/org/opensearch/spark/sql/streaming/api/java/JavaStreamingQueryTestHarness.java,autonomous
org.opensearch.spark.sql.Utils,spark/sql-30/src/main/scala/org/opensearch/spark/sql/Utils.java,autonomous
org.opensearch.spark.sql.api.java.package-info,spark/sql-30/src/main/scala/org/opensearch/spark/sql/api/java/package-info.java,autonomous
org.opensearch.spark.streaming.api.java.package-info,spark/sql-30/src/main/scala/org/opensearch/spark/streaming/api/java/package-info.java,autonomous
