id,path,license
CMake/same_uint64_ulong.cxx,CMake/same_uint64_ulong.cxx,autonomous
CMake/sitkCheckTemplateDisambiguation.cxx,CMake/sitkCheckTemplateDisambiguation.cxx,autonomous
Code/BasicFilters/include/itkByteSwapper.h,Code/BasicFilters/include/itkByteSwapper.h,Apache-2.0
Code/BasicFilters/include/itkByteSwapper.hxx,Code/BasicFilters/include/itkByteSwapper.hxx,Apache-2.0
Code/BasicFilters/include/itkCastImageFilter.h,Code/BasicFilters/include/itkCastImageFilter.h,Apache-2.0
Code/BasicFilters/include/itkCastImageFilter.hxx,Code/BasicFilters/include/itkCastImageFilter.hxx,Apache-2.0
Code/BasicFilters/include/itkDataObject.h,Code/BasicFilters/include/itkDataObject.h,Apache-2.0
Code/BasicFilters/include/itkHashImageFilter.h,Code/BasicFilters/include/itkHashImageFilter.h,autonomous
Code/BasicFilters/include/itkHashImageFilter.hxx,Code/BasicFilters/include/itkHashImageFilter.hxx,autonomous
Code/BasicFilters/include/itkImageConstIteratorWithIndex.h,Code/BasicFilters/include/itkImageConstIteratorWithIndex.h,Apache-2.0
Code/BasicFilters/include/itkImageLinearConstIteratorWithIndex.h,Code/BasicFilters/include/itkImageLinearConstIteratorWithIndex.h,Apache-2.0
Code/BasicFilters/include/itkImageLinearConstIteratorWithIndex.hxx,Code/BasicFilters/include/itkImageLinearConstIteratorWithIndex.hxx,Apache-2.0
Code/BasicFilters/include/itkIntTypes.h,Code/BasicFilters/include/itkIntTypes.h,Apache-2.0
Code/BasicFilters/include/itkObject.h,Code/BasicFilters/include/itkObject.h,Apache-2.0
Code/BasicFilters/include/itkObjectFactory.h,Code/BasicFilters/include/itkObjectFactory.h,Apache-2.0
Code/BasicFilters/include/itkProgressReporter.h,Code/BasicFilters/include/itkProgressReporter.h,Apache-2.0
Code/BasicFilters/include/itkSimpleDataObjectDecorator.h,Code/BasicFilters/include/itkSimpleDataObjectDecorator.h,Apache-2.0
Code/BasicFilters/include/itkSimpleDataObjectDecorator.hxx,Code/BasicFilters/include/itkSimpleDataObjectDecorator.hxx,Apache-2.0
Code/BasicFilters/include/itkUnaryFunctorImageFilter.h,Code/BasicFilters/include/itkUnaryFunctorImageFilter.h,Apache-2.0
Code/BasicFilters/include/sitkAdditionalProcedures.h,Code/BasicFilters/include/sitkAdditionalProcedures.h,autonomous
Code/BasicFilters/include/sitkBasicFilters.h,Code/BasicFilters/include/sitkBasicFilters.h,autonomous
Code/BasicFilters/include/sitkBSplineTransformInitializerFilter.h,Code/BasicFilters/include/sitkBSplineTransformInitializerFilter.h,autonomous
Code/BasicFilters/include/sitkCastImageFilter.h,Code/BasicFilters/include/sitkCastImageFilter.h,autonomous
Code/BasicFilters/include/sitkCenteredTransformInitializerFilter.h,Code/BasicFilters/include/sitkCenteredTransformInitializerFilter.h,autonomous
Code/BasicFilters/include/sitkCenteredVersorTransformInitializerFilter.h,Code/BasicFilters/include/sitkCenteredVersorTransformInitializerFilter.h,autonomous
Code/BasicFilters/include/sitkExtractImageFilter.h,Code/BasicFilters/include/sitkExtractImageFilter.h,autonomous
Code/BasicFilters/include/sitkHashImageFilter.h,Code/BasicFilters/include/sitkHashImageFilter.h,autonomous
Code/BasicFilters/include/sitkImageFilter.h,Code/BasicFilters/include/sitkImageFilter.h,autonomous
Code/BasicFilters/include/sitkImageOperators.h,Code/BasicFilters/include/sitkImageOperators.h,autonomous
Code/BasicFilters/include/sitkLandmarkBasedTransformInitializerFilter.h,Code/BasicFilters/include/sitkLandmarkBasedTransformInitializerFilter.h,autonomous
Code/BasicFilters/include/sitkPasteImageFilter.h,Code/BasicFilters/include/sitkPasteImageFilter.h,autonomous
Code/BasicFilters/src/itkAffineTransform.h,Code/BasicFilters/src/itkAffineTransform.h,Apache-2.0
Code/BasicFilters/src/itkBSplineBaseTransform.h,Code/BasicFilters/src/itkBSplineBaseTransform.h,Apache-2.0
Code/BasicFilters/src/itkBSplineControlPointImageFilter.h,Code/BasicFilters/src/itkBSplineControlPointImageFilter.h,Apache-2.0
Code/BasicFilters/src/itkBSplineControlPointImageFilter.hxx,Code/BasicFilters/src/itkBSplineControlPointImageFilter.hxx,Apache-2.0
Code/BasicFilters/src/itkBSplineKernelFunction.h,Code/BasicFilters/src/itkBSplineKernelFunction.h,Apache-2.0
Code/BasicFilters/src/itkBSplineTransform.h,Code/BasicFilters/src/itkBSplineTransform.h,Apache-2.0
Code/BasicFilters/src/itkBSplineTransform.hxx,Code/BasicFilters/src/itkBSplineTransform.hxx,Apache-2.0
Code/BasicFilters/src/itkBSplineTransformInitializer.h,Code/BasicFilters/src/itkBSplineTransformInitializer.h,Apache-2.0
Code/BasicFilters/src/itkBSplineTransformInitializer.hxx,Code/BasicFilters/src/itkBSplineTransformInitializer.hxx,Apache-2.0
Code/BasicFilters/src/itkCastImageFilter.h,Code/BasicFilters/src/itkCastImageFilter.h,Apache-2.0
Code/BasicFilters/src/itkCastImageFilter.hxx,Code/BasicFilters/src/itkCastImageFilter.hxx,Apache-2.0
Code/BasicFilters/src/itkCenteredTransformInitializer.h,Code/BasicFilters/src/itkCenteredTransformInitializer.h,Apache-2.0
Code/BasicFilters/src/itkCenteredTransformInitializer.hxx,Code/BasicFilters/src/itkCenteredTransformInitializer.hxx,Apache-2.0
Code/BasicFilters/src/itkCenteredVersorTransformInitializer.h,Code/BasicFilters/src/itkCenteredVersorTransformInitializer.h,Apache-2.0
Code/BasicFilters/src/itkCenteredVersorTransformInitializer.hxx,Code/BasicFilters/src/itkCenteredVersorTransformInitializer.hxx,Apache-2.0
Code/BasicFilters/src/itkComposeImageFilter.h,Code/BasicFilters/src/itkComposeImageFilter.h,Apache-2.0
Code/BasicFilters/src/itkComposeImageFilter.hxx,Code/BasicFilters/src/itkComposeImageFilter.hxx,Apache-2.0
Code/BasicFilters/src/itkConstantBoundaryCondition.h,Code/BasicFilters/src/itkConstantBoundaryCondition.h,Apache-2.0
Code/BasicFilters/src/itkConstantBoundaryCondition.hxx,Code/BasicFilters/src/itkConstantBoundaryCondition.hxx,Apache-2.0
Code/BasicFilters/src/itkConstantPadImageFilter.h,Code/BasicFilters/src/itkConstantPadImageFilter.h,Apache-2.0
Code/BasicFilters/src/itkConstantPadImageFilter.hxx,Code/BasicFilters/src/itkConstantPadImageFilter.hxx,Apache-2.0
Code/BasicFilters/src/itkCoxDeBoorBSplineKernelFunction.h,Code/BasicFilters/src/itkCoxDeBoorBSplineKernelFunction.h,Apache-2.0
Code/BasicFilters/src/itkDataObject.h,Code/BasicFilters/src/itkDataObject.h,Apache-2.0
Code/BasicFilters/src/itkDefaultPixelAccessor.h,Code/BasicFilters/src/itkDefaultPixelAccessor.h,Apache-2.0
Code/BasicFilters/src/itkDefaultPixelAccessorFunctor.h,Code/BasicFilters/src/itkDefaultPixelAccessorFunctor.h,Apache-2.0
Code/BasicFilters/src/itkDefaultVectorPixelAccessor.h,Code/BasicFilters/src/itkDefaultVectorPixelAccessor.h,Apache-2.0
Code/BasicFilters/src/itkDefaultVectorPixelAccessorFunctor.h,Code/BasicFilters/src/itkDefaultVectorPixelAccessorFunctor.h,Apache-2.0
Code/BasicFilters/src/itkDomainThreader.h,Code/BasicFilters/src/itkDomainThreader.h,Apache-2.0
Code/BasicFilters/src/itkExtractImageFilter.h,Code/BasicFilters/src/itkExtractImageFilter.h,Apache-2.0
Code/BasicFilters/src/itkExtractImageFilter.hxx,Code/BasicFilters/src/itkExtractImageFilter.hxx,Apache-2.0
Code/BasicFilters/src/itkExtractImageFilterRegionCopier.h,Code/BasicFilters/src/itkExtractImageFilterRegionCopier.h,Apache-2.0
Code/BasicFilters/src/itkFixedArray.h,Code/BasicFilters/src/itkFixedArray.h,Apache-2.0
Code/BasicFilters/src/itkFlatStructuringElement.h,Code/BasicFilters/src/itkFlatStructuringElement.h,Apache-2.0
Code/BasicFilters/src/itkFlatStructuringElement.hxx,Code/BasicFilters/src/itkFlatStructuringElement.hxx,Apache-2.0
Code/BasicFilters/src/itkImage.h,Code/BasicFilters/src/itkImage.h,Apache-2.0
Code/BasicFilters/src/itkImage.hxx,Code/BasicFilters/src/itkImage.hxx,Apache-2.0
Code/BasicFilters/src/itkImageBase.h,Code/BasicFilters/src/itkImageBase.h,Apache-2.0
Code/BasicFilters/src/itkImageBoundaryCondition.h,Code/BasicFilters/src/itkImageBoundaryCondition.h,Apache-2.0
Code/BasicFilters/src/itkImageKernelOperator.h,Code/BasicFilters/src/itkImageKernelOperator.h,Apache-2.0
Code/BasicFilters/src/itkImageKernelOperator.hxx,Code/BasicFilters/src/itkImageKernelOperator.hxx,Apache-2.0
Code/BasicFilters/src/itkImageMomentsCalculator.h,Code/BasicFilters/src/itkImageMomentsCalculator.h,Apache-2.0
Code/BasicFilters/src/itkImageRegion.h,Code/BasicFilters/src/itkImageRegion.h,Apache-2.0
Code/BasicFilters/src/itkImageRegionConstIterator.h,Code/BasicFilters/src/itkImageRegionConstIterator.h,Apache-2.0
Code/BasicFilters/src/itkImageToImageFilter.h,Code/BasicFilters/src/itkImageToImageFilter.h,Apache-2.0
Code/BasicFilters/src/itkImportImageContainer.h,Code/BasicFilters/src/itkImportImageContainer.h,Apache-2.0
Code/BasicFilters/src/itkInPlaceImageFilter.h,Code/BasicFilters/src/itkInPlaceImageFilter.h,Apache-2.0
Code/BasicFilters/src/itkLabelImageToLabelMapFilter.h,Code/BasicFilters/src/itkLabelImageToLabelMapFilter.h,Apache-2.0
Code/BasicFilters/src/itkLabelImageToLabelMapFilter.hxx,Code/BasicFilters/src/itkLabelImageToLabelMapFilter.hxx,Apache-2.0
Code/BasicFilters/src/itkLabelMap.h,Code/BasicFilters/src/itkLabelMap.h,Apache-2.0
Code/BasicFilters/src/itkLabelMap.hxx,Code/BasicFilters/src/itkLabelMap.hxx,Apache-2.0
Code/BasicFilters/src/itkLabelMapFilter.h,Code/BasicFilters/src/itkLabelMapFilter.h,Apache-2.0
Code/BasicFilters/src/itkLabelMapToLabelImageFilter.h,Code/BasicFilters/src/itkLabelMapToLabelImageFilter.h,Apache-2.0
Code/BasicFilters/src/itkLabelMapToLabelImageFilter.hxx,Code/BasicFilters/src/itkLabelMapToLabelImageFilter.hxx,Apache-2.0
Code/BasicFilters/src/itkLabelObject.h,Code/BasicFilters/src/itkLabelObject.h,Apache-2.0
Code/BasicFilters/src/itkLabelObject.hxx,Code/BasicFilters/src/itkLabelObject.hxx,Apache-2.0
Code/BasicFilters/src/itkLabelObjectLine.h,Code/BasicFilters/src/itkLabelObjectLine.h,Apache-2.0
Code/BasicFilters/src/itkLandmarkBasedTransformInitializer.h,Code/BasicFilters/src/itkLandmarkBasedTransformInitializer.h,Apache-2.0
Code/BasicFilters/src/itkLandmarkBasedTransformInitializer.hxx,Code/BasicFilters/src/itkLandmarkBasedTransformInitializer.hxx,Apache-2.0
Code/BasicFilters/src/itkLightObject.h,Code/BasicFilters/src/itkLightObject.h,Apache-2.0
Code/BasicFilters/src/itkMacro.h,Code/BasicFilters/src/itkMacro.h,Apache-2.0
Code/BasicFilters/src/itkMultiThreader.h,Code/BasicFilters/src/itkMultiThreader.h,Apache-2.0
Code/BasicFilters/src/itkNeighborhood.h,Code/BasicFilters/src/itkNeighborhood.h,Apache-2.0
Code/BasicFilters/src/itkNeighborhoodAccessorFunctor.h,Code/BasicFilters/src/itkNeighborhoodAccessorFunctor.h,Apache-2.0
Code/BasicFilters/src/itkNeighborhoodOperator.h,Code/BasicFilters/src/itkNeighborhoodOperator.h,Apache-2.0
Code/BasicFilters/src/itkNumericTraits.h,Code/BasicFilters/src/itkNumericTraits.h,Apache-2.0
Code/BasicFilters/src/itkNumericTraitsVariableLengthVectorPixel.h,Code/BasicFilters/src/itkNumericTraitsVariableLengthVectorPixel.h,Apache-2.0
Code/BasicFilters/src/itkObject.h,Code/BasicFilters/src/itkObject.h,Apache-2.0
Code/BasicFilters/src/itkObjectFactory.h,Code/BasicFilters/src/itkObjectFactory.h,Apache-2.0
Code/BasicFilters/src/itkPadImageFilter.h,Code/BasicFilters/src/itkPadImageFilter.h,Apache-2.0
Code/BasicFilters/src/itkPasteImageFilter.h,Code/BasicFilters/src/itkPasteImageFilter.h,Apache-2.0
Code/BasicFilters/src/itkPasteImageFilter.hxx,Code/BasicFilters/src/itkPasteImageFilter.hxx,Apache-2.0
Code/BasicFilters/src/itkPeriodicBoundaryCondition.h,Code/BasicFilters/src/itkPeriodicBoundaryCondition.h,Apache-2.0
Code/BasicFilters/src/itkPeriodicBoundaryCondition.hxx,Code/BasicFilters/src/itkPeriodicBoundaryCondition.hxx,Apache-2.0
Code/BasicFilters/src/itkPoint.h,Code/BasicFilters/src/itkPoint.h,Apache-2.0
Code/BasicFilters/src/itkPointSet.h,Code/BasicFilters/src/itkPointSet.h,Apache-2.0
Code/BasicFilters/src/itkProcessObject.h,Code/BasicFilters/src/itkProcessObject.h,Apache-2.0
Code/BasicFilters/src/itkProgressReporter.h,Code/BasicFilters/src/itkProgressReporter.h,Apache-2.0
Code/BasicFilters/src/itkRigid2DTransform.h,Code/BasicFilters/src/itkRigid2DTransform.h,Apache-2.0
Code/BasicFilters/src/itkSmartPointer.h,Code/BasicFilters/src/itkSmartPointer.h,Apache-2.0
Code/BasicFilters/src/itkUnaryFunctorImageFilter.h,Code/BasicFilters/src/itkUnaryFunctorImageFilter.h,Apache-2.0
Code/BasicFilters/src/itkVariableLengthVector.h,Code/BasicFilters/src/itkVariableLengthVector.h,Apache-2.0
Code/BasicFilters/src/itkVariableLengthVector.hxx,Code/BasicFilters/src/itkVariableLengthVector.hxx,Apache-2.0
Code/BasicFilters/src/itkVariableSizeMatrix.h,Code/BasicFilters/src/itkVariableSizeMatrix.h,Apache-2.0
Code/BasicFilters/src/itkVector.h,Code/BasicFilters/src/itkVector.h,Apache-2.0
Code/BasicFilters/src/itkVectorContainer.h,Code/BasicFilters/src/itkVectorContainer.h,Apache-2.0
Code/BasicFilters/src/itkVectorImage.h,Code/BasicFilters/src/itkVectorImage.h,Apache-2.0
Code/BasicFilters/src/itkVectorImage.hxx,Code/BasicFilters/src/itkVectorImage.hxx,Apache-2.0
Code/BasicFilters/src/itkVectorImageNeighborhoodAccessorFunctor.h,Code/BasicFilters/src/itkVectorImageNeighborhoodAccessorFunctor.h,Apache-2.0
Code/BasicFilters/src/itkVectorIndexSelectionCastImageFilter.h,Code/BasicFilters/src/itkVectorIndexSelectionCastImageFilter.h,Apache-2.0
Code/BasicFilters/src/itkVersorRigid3DTransform.h,Code/BasicFilters/src/itkVersorRigid3DTransform.h,Apache-2.0
Code/BasicFilters/src/itkVersorRigid3DTransform.hxx,Code/BasicFilters/src/itkVersorRigid3DTransform.hxx,Apache-2.0
Code/BasicFilters/src/itkVersorTransform.h,Code/BasicFilters/src/itkVersorTransform.h,Apache-2.0
Code/BasicFilters/src/itkWeakPointer.h,Code/BasicFilters/src/itkWeakPointer.h,Apache-2.0
Code/BasicFilters/src/itkZeroFluxNeumannBoundaryCondition.h,Code/BasicFilters/src/itkZeroFluxNeumannBoundaryCondition.h,Apache-2.0
Code/BasicFilters/src/itkZeroFluxNeumannBoundaryCondition.hxx,Code/BasicFilters/src/itkZeroFluxNeumannBoundaryCondition.hxx,Apache-2.0
Code/BasicFilters/src/sitkAdditionalProcedures.cxx,Code/BasicFilters/src/sitkAdditionalProcedures.cxx,autonomous
Code/BasicFilters/src/sitkBiasFieldCorrectionImageFilter_helper.hxx,Code/BasicFilters/src/sitkBiasFieldCorrectionImageFilter_helper.hxx,autonomous
Code/BasicFilters/src/sitkBoundaryConditions.hxx,Code/BasicFilters/src/sitkBoundaryConditions.hxx,autonomous
Code/BasicFilters/src/sitkBSplineTransformInitializerFilter.cxx,Code/BasicFilters/src/sitkBSplineTransformInitializerFilter.cxx,autonomous
Code/BasicFilters/src/sitkCastImageFilter-2.cxx,Code/BasicFilters/src/sitkCastImageFilter-2.cxx,autonomous
Code/BasicFilters/src/sitkCastImageFilter-2l.cxx,Code/BasicFilters/src/sitkCastImageFilter-2l.cxx,autonomous
Code/BasicFilters/src/sitkCastImageFilter-2v.cxx,Code/BasicFilters/src/sitkCastImageFilter-2v.cxx,autonomous
Code/BasicFilters/src/sitkCastImageFilter-3.cxx,Code/BasicFilters/src/sitkCastImageFilter-3.cxx,autonomous
Code/BasicFilters/src/sitkCastImageFilter-3l.cxx,Code/BasicFilters/src/sitkCastImageFilter-3l.cxx,autonomous
Code/BasicFilters/src/sitkCastImageFilter-3v.cxx,Code/BasicFilters/src/sitkCastImageFilter-3v.cxx,autonomous
Code/BasicFilters/src/sitkCastImageFilter-4.cxx,Code/BasicFilters/src/sitkCastImageFilter-4.cxx,autonomous
Code/BasicFilters/src/sitkCastImageFilter.cxx,Code/BasicFilters/src/sitkCastImageFilter.cxx,autonomous
Code/BasicFilters/src/sitkCastImageFilter.hxx,Code/BasicFilters/src/sitkCastImageFilter.hxx,autonomous
Code/BasicFilters/src/sitkCenteredTransformInitializerFilter.cxx,Code/BasicFilters/src/sitkCenteredTransformInitializerFilter.cxx,autonomous
Code/BasicFilters/src/sitkCenteredVersorTransformInitializerFilter.cxx,Code/BasicFilters/src/sitkCenteredVersorTransformInitializerFilter.cxx,autonomous
Code/BasicFilters/src/sitkCreateKernel.h,Code/BasicFilters/src/sitkCreateKernel.h,autonomous
Code/BasicFilters/src/sitkDICOMOrientImageFilter_Support.cxx,Code/BasicFilters/src/sitkDICOMOrientImageFilter_Support.cxx,autonomous
Code/BasicFilters/src/sitkExtractImageFilter.cxx,Code/BasicFilters/src/sitkExtractImageFilter.cxx,autonomous
Code/BasicFilters/src/sitkHashImageFilter.cxx,Code/BasicFilters/src/sitkHashImageFilter.cxx,autonomous
Code/BasicFilters/src/sitkImageFilter.cxx,Code/BasicFilters/src/sitkImageFilter.cxx,autonomous
Code/BasicFilters/src/sitkImageToKernel.hxx,Code/BasicFilters/src/sitkImageToKernel.hxx,autonomous
Code/BasicFilters/src/sitkLabelFunctorUtils.hxx,Code/BasicFilters/src/sitkLabelFunctorUtils.hxx,autonomous
Code/BasicFilters/src/sitkLandmarkBasedTransformInitializerFilter.cxx,Code/BasicFilters/src/sitkLandmarkBasedTransformInitializerFilter.cxx,autonomous
Code/BasicFilters/src/sitkPasteImageFilter.cxx,Code/BasicFilters/src/sitkPasteImageFilter.cxx,autonomous
Code/BasicFilters/src/sitkPermuteAxis_Static.hxx,Code/BasicFilters/src/sitkPermuteAxis_Static.hxx,autonomous
Code/BasicFilters/src/sitkToPixelType.hxx,Code/BasicFilters/src/sitkToPixelType.hxx,autonomous
Code/Common/include/itkBSplineDecompositionImageFilter.h,Code/Common/include/itkBSplineDecompositionImageFilter.h,Apache-2.0
Code/Common/include/itkBSplineInterpolateImageFunction.h,Code/Common/include/itkBSplineInterpolateImageFunction.h,Apache-2.0
Code/Common/include/itkBSplineInterpolateImageFunction.hxx,Code/Common/include/itkBSplineInterpolateImageFunction.hxx,Apache-2.0
Code/Common/include/itkBSplineResampleImageFunction.h,Code/Common/include/itkBSplineResampleImageFunction.h,Apache-2.0
Code/Common/include/itkCommand.h,Code/Common/include/itkCommand.h,Apache-2.0
Code/Common/include/itkConceptChecking.h,Code/Common/include/itkConceptChecking.h,Apache-2.0
Code/Common/include/itkConstNeighborhoodIterator.h,Code/Common/include/itkConstNeighborhoodIterator.h,Apache-2.0
Code/Common/include/itkCovariantVector.h,Code/Common/include/itkCovariantVector.h,Apache-2.0
Code/Common/include/itkFixedArray.h,Code/Common/include/itkFixedArray.h,Apache-2.0
Code/Common/include/itkGaussianInterpolateImageFunction.h,Code/Common/include/itkGaussianInterpolateImageFunction.h,Apache-2.0
Code/Common/include/itkGaussianInterpolateImageFunction.hxx,Code/Common/include/itkGaussianInterpolateImageFunction.hxx,Apache-2.0
Code/Common/include/itkHolderCommand.h,Code/Common/include/itkHolderCommand.h,autonomous
Code/Common/include/itkInterpolateImageFunction.h,Code/Common/include/itkInterpolateImageFunction.h,Apache-2.0
Code/Common/include/itkLabelImageGaussianInterpolateImageFunction.h,Code/Common/include/itkLabelImageGaussianInterpolateImageFunction.h,Apache-2.0
Code/Common/include/itkLabelImageGaussianInterpolateImageFunction.hxx,Code/Common/include/itkLabelImageGaussianInterpolateImageFunction.hxx,Apache-2.0
Code/Common/include/itkLinearInterpolateImageFunction.h,Code/Common/include/itkLinearInterpolateImageFunction.h,Apache-2.0
Code/Common/include/itkLinearInterpolateImageFunction.hxx,Code/Common/include/itkLinearInterpolateImageFunction.hxx,Apache-2.0
Code/Common/include/itkNearestNeighborInterpolateImageFunction.h,Code/Common/include/itkNearestNeighborInterpolateImageFunction.h,Apache-2.0
Code/Common/include/itkObject.h,Code/Common/include/itkObject.h,Apache-2.0
Code/Common/include/itkObjectFactory.h,Code/Common/include/itkObjectFactory.h,Apache-2.0
Code/Common/include/itkWindowedSincInterpolateImageFunction.h,Code/Common/include/itkWindowedSincInterpolateImageFunction.h,Apache-2.0
Code/Common/include/itkWindowedSincInterpolateImageFunction.hxx,Code/Common/include/itkWindowedSincInterpolateImageFunction.hxx,Apache-2.0
Code/Common/include/itkZeroFluxNeumannBoundaryCondition.h,Code/Common/include/itkZeroFluxNeumannBoundaryCondition.h,Apache-2.0
Code/Common/include/SimpleITK.h,Code/Common/include/SimpleITK.h,autonomous
Code/Common/include/sitkAffineTransform.h,Code/Common/include/sitkAffineTransform.h,autonomous
Code/Common/include/sitkBSplineTransform.h,Code/Common/include/sitkBSplineTransform.h,autonomous
Code/Common/include/sitkCommand.h,Code/Common/include/sitkCommand.h,autonomous
Code/Common/include/sitkCommon.h,Code/Common/include/sitkCommon.h,autonomous
Code/Common/include/sitkComposeScaleSkewVersor3DTransform.h,Code/Common/include/sitkComposeScaleSkewVersor3DTransform.h,autonomous
Code/Common/include/sitkCompositeTransform.h,Code/Common/include/sitkCompositeTransform.h,autonomous
Code/Common/include/sitkConditional.h,Code/Common/include/sitkConditional.h,autonomous
Code/Common/include/sitkCreateInterpolator.hxx,Code/Common/include/sitkCreateInterpolator.hxx,autonomous
Code/Common/include/sitkDetail.h,Code/Common/include/sitkDetail.h,autonomous
Code/Common/include/sitkDisplacementFieldTransform.h,Code/Common/include/sitkDisplacementFieldTransform.h,autonomous
Code/Common/include/sitkDualMemberFunctionFactory.h,Code/Common/include/sitkDualMemberFunctionFactory.h,autonomous
Code/Common/include/sitkDualMemberFunctionFactory.hxx,Code/Common/include/sitkDualMemberFunctionFactory.hxx,autonomous
Code/Common/include/sitkEuler2DTransform.h,Code/Common/include/sitkEuler2DTransform.h,autonomous
Code/Common/include/sitkEuler3DTransform.h,Code/Common/include/sitkEuler3DTransform.h,autonomous
Code/Common/include/sitkEvent.h,Code/Common/include/sitkEvent.h,autonomous
Code/Common/include/sitkExceptionObject.h,Code/Common/include/sitkExceptionObject.h,autonomous
Code/Common/include/sitkFunctionCommand.h,Code/Common/include/sitkFunctionCommand.h,autonomous
Code/Common/include/sitkImage.h,Code/Common/include/sitkImage.h,autonomous
Code/Common/include/sitkImageConvert.h,Code/Common/include/sitkImageConvert.h,autonomous
Code/Common/include/sitkImageConvert.hxx,Code/Common/include/sitkImageConvert.hxx,autonomous
Code/Common/include/sitkInterpolator.h,Code/Common/include/sitkInterpolator.h,autonomous
Code/Common/include/sitkKernel.h,Code/Common/include/sitkKernel.h,autonomous
Code/Common/include/sitkLogger.h,Code/Common/include/sitkLogger.h,autonomous
Code/Common/include/sitkMacro.h,Code/Common/include/sitkMacro.h,autonomous
Code/Common/include/sitkMemberFunctionFactory.h,Code/Common/include/sitkMemberFunctionFactory.h,autonomous
Code/Common/include/sitkMemberFunctionFactory.hxx,Code/Common/include/sitkMemberFunctionFactory.hxx,autonomous
Code/Common/include/sitkMemberFunctionFactoryBase.h,Code/Common/include/sitkMemberFunctionFactoryBase.h,autonomous
Code/Common/include/sitkNonCopyable.h,Code/Common/include/sitkNonCopyable.h,autonomous
Code/Common/include/sitkObjectOwnedBase.h,Code/Common/include/sitkObjectOwnedBase.h,autonomous
Code/Common/include/sitkPathType.h,Code/Common/include/sitkPathType.h,autonomous
Code/Common/include/sitkPixelIDTokens.h,Code/Common/include/sitkPixelIDTokens.h,autonomous
Code/Common/include/sitkPixelIDTypeLists.h,Code/Common/include/sitkPixelIDTypeLists.h,autonomous
Code/Common/include/sitkPixelIDTypes.h,Code/Common/include/sitkPixelIDTypes.h,autonomous
Code/Common/include/sitkPixelIDValues.h,Code/Common/include/sitkPixelIDValues.h,autonomous
Code/Common/include/sitkProcessObject.h,Code/Common/include/sitkProcessObject.h,autonomous
Code/Common/include/sitkProcessObjectDeleter.h,Code/Common/include/sitkProcessObjectDeleter.h,autonomous
Code/Common/include/sitkRandomSeed.h,Code/Common/include/sitkRandomSeed.h,autonomous
Code/Common/include/sitkScaleSkewVersor3DTransform.h,Code/Common/include/sitkScaleSkewVersor3DTransform.h,autonomous
Code/Common/include/sitkScaleTransform.h,Code/Common/include/sitkScaleTransform.h,autonomous
Code/Common/include/sitkScaleVersor3DTransform.h,Code/Common/include/sitkScaleVersor3DTransform.h,autonomous
Code/Common/include/sitkSimilarity2DTransform.h,Code/Common/include/sitkSimilarity2DTransform.h,autonomous
Code/Common/include/sitkSimilarity3DTransform.h,Code/Common/include/sitkSimilarity3DTransform.h,autonomous
Code/Common/include/sitkTemplateFunctions.h,Code/Common/include/sitkTemplateFunctions.h,autonomous
Code/Common/include/sitkTransform.h,Code/Common/include/sitkTransform.h,autonomous
Code/Common/include/sitkTranslationTransform.h,Code/Common/include/sitkTranslationTransform.h,autonomous
Code/Common/include/sitkVersion.h,Code/Common/include/sitkVersion.h,autonomous
Code/Common/include/sitkVersorRigid3DTransform.h,Code/Common/include/sitkVersorRigid3DTransform.h,autonomous
Code/Common/include/sitkVersorTransform.h,Code/Common/include/sitkVersorTransform.h,autonomous
Code/Common/include/Ancillary/FunctionTraits.h,Code/Common/include/Ancillary/FunctionTraits.h,autonomous
Code/Common/include/Ancillary/hl_sha1.cxx,Code/Common/include/Ancillary/hl_sha1.cxx,autonomous
Code/Common/include/Ancillary/hl_sha1.h,Code/Common/include/Ancillary/hl_sha1.h,autonomous
Code/Common/include/Ancillary/type_list2.h,Code/Common/include/Ancillary/type_list2.h,autonomous
Code/Common/src/itkAffineTransform.h,Code/Common/src/itkAffineTransform.h,Apache-2.0
Code/Common/src/itkAffineTransform.hxx,Code/Common/src/itkAffineTransform.hxx,Apache-2.0
Code/Common/src/itkArray2D.h,Code/Common/src/itkArray2D.h,Apache-2.0
Code/Common/src/itkBSplineBaseTransform.h,Code/Common/src/itkBSplineBaseTransform.h,Apache-2.0
Code/Common/src/itkBSplineSmoothingOnUpdateDisplacementFieldTransform.h,Code/Common/src/itkBSplineSmoothingOnUpdateDisplacementFieldTransform.h,Apache-2.0
Code/Common/src/itkBSplineSmoothingOnUpdateDisplacementFieldTransform.hxx,Code/Common/src/itkBSplineSmoothingOnUpdateDisplacementFieldTransform.hxx,Apache-2.0
Code/Common/src/itkBSplineTransform.h,Code/Common/src/itkBSplineTransform.h,Apache-2.0
Code/Common/src/itkBSplineTransform.hxx,Code/Common/src/itkBSplineTransform.hxx,Apache-2.0
Code/Common/src/itkCommand.h,Code/Common/src/itkCommand.h,Apache-2.0
Code/Common/src/itkCompositeTransform.h,Code/Common/src/itkCompositeTransform.h,Apache-2.0
Code/Common/src/itkCompositeTransform.hxx,Code/Common/src/itkCompositeTransform.hxx,Apache-2.0
Code/Common/src/itkConceptChecking.h,Code/Common/src/itkConceptChecking.h,Apache-2.0
Code/Common/src/itkConvertLabelMapFilter.h,Code/Common/src/itkConvertLabelMapFilter.h,Apache-2.0
Code/Common/src/itkConvertLabelMapFilter.hxx,Code/Common/src/itkConvertLabelMapFilter.hxx,Apache-2.0
Code/Common/src/itkCovariantVector.h,Code/Common/src/itkCovariantVector.h,Apache-2.0
Code/Common/src/itkDataObject.h,Code/Common/src/itkDataObject.h,Apache-2.0
Code/Common/src/itkDefaultPixelAccessor.h,Code/Common/src/itkDefaultPixelAccessor.h,Apache-2.0
Code/Common/src/itkDefaultPixelAccessorFunctor.h,Code/Common/src/itkDefaultPixelAccessorFunctor.h,Apache-2.0
Code/Common/src/itkDefaultVectorPixelAccessor.h,Code/Common/src/itkDefaultVectorPixelAccessor.h,Apache-2.0
Code/Common/src/itkDefaultVectorPixelAccessorFunctor.h,Code/Common/src/itkDefaultVectorPixelAccessorFunctor.h,Apache-2.0
Code/Common/src/itkDisplacementFieldToBSplineImageFilter.h,Code/Common/src/itkDisplacementFieldToBSplineImageFilter.h,Apache-2.0
Code/Common/src/itkDisplacementFieldTransform.h,Code/Common/src/itkDisplacementFieldTransform.h,Apache-2.0
Code/Common/src/itkDisplacementFieldTransform.hxx,Code/Common/src/itkDisplacementFieldTransform.hxx,Apache-2.0
Code/Common/src/itkDomainThreader.h,Code/Common/src/itkDomainThreader.h,Apache-2.0
Code/Common/src/itkEuler2DTransform.h,Code/Common/src/itkEuler2DTransform.h,Apache-2.0
Code/Common/src/itkEuler2DTransform.hxx,Code/Common/src/itkEuler2DTransform.hxx,Apache-2.0
Code/Common/src/itkEuler3DTransform.h,Code/Common/src/itkEuler3DTransform.h,Apache-2.0
Code/Common/src/itkEuler3DTransform.hxx,Code/Common/src/itkEuler3DTransform.hxx,Apache-2.0
Code/Common/src/itkEventObject.h,Code/Common/src/itkEventObject.h,Apache-2.0
Code/Common/src/itkExceptionObject.h,Code/Common/src/itkExceptionObject.h,Apache-2.0
Code/Common/src/itkFastMutexLock.h,Code/Common/src/itkFastMutexLock.h,Apache-2.0
Code/Common/src/itkFixedArray.h,Code/Common/src/itkFixedArray.h,Apache-2.0
Code/Common/src/itkGaussianOperator.h,Code/Common/src/itkGaussianOperator.h,Apache-2.0
Code/Common/src/itkGaussianSmoothingOnUpdateDisplacementFieldTransform.h,Code/Common/src/itkGaussianSmoothingOnUpdateDisplacementFieldTransform.h,Apache-2.0
Code/Common/src/itkGaussianSmoothingOnUpdateDisplacementFieldTransform.hxx,Code/Common/src/itkGaussianSmoothingOnUpdateDisplacementFieldTransform.hxx,Apache-2.0
Code/Common/src/itkIdentityTransform.h,Code/Common/src/itkIdentityTransform.h,Apache-2.0
Code/Common/src/itkImage.h,Code/Common/src/itkImage.h,Apache-2.0
Code/Common/src/itkImage.hxx,Code/Common/src/itkImage.hxx,Apache-2.0
Code/Common/src/itkImageBase.h,Code/Common/src/itkImageBase.h,Apache-2.0
Code/Common/src/itkImageDuplicator.h,Code/Common/src/itkImageDuplicator.h,Apache-2.0
Code/Common/src/itkImageDuplicator.hxx,Code/Common/src/itkImageDuplicator.hxx,Apache-2.0
Code/Common/src/itkImageRegion.h,Code/Common/src/itkImageRegion.h,Apache-2.0
Code/Common/src/itkImageSource.h,Code/Common/src/itkImageSource.h,Apache-2.0
Code/Common/src/itkImageToImageFilter.h,Code/Common/src/itkImageToImageFilter.h,Apache-2.0
Code/Common/src/itkImageToImageFilter.hxx,Code/Common/src/itkImageToImageFilter.hxx,Apache-2.0
Code/Common/src/itkImageToImageFilterDetail.h,Code/Common/src/itkImageToImageFilterDetail.h,Apache-2.0
Code/Common/src/itkImageVectorOptimizerParametersHelper.h,Code/Common/src/itkImageVectorOptimizerParametersHelper.h,Apache-2.0
Code/Common/src/itkImportImageContainer.h,Code/Common/src/itkImportImageContainer.h,Apache-2.0
Code/Common/src/itkIndent.h,Code/Common/src/itkIndent.h,Apache-2.0
Code/Common/src/itkIntTypes.h,Code/Common/src/itkIntTypes.h,Apache-2.0
Code/Common/src/itkLabelMap.h,Code/Common/src/itkLabelMap.h,Apache-2.0
Code/Common/src/itkLabelMap.hxx,Code/Common/src/itkLabelMap.hxx,Apache-2.0
Code/Common/src/itkLabelMapFilter.h,Code/Common/src/itkLabelMapFilter.h,Apache-2.0
Code/Common/src/itkLabelObject.h,Code/Common/src/itkLabelObject.h,Apache-2.0
Code/Common/src/itkLabelObject.hxx,Code/Common/src/itkLabelObject.hxx,Apache-2.0
Code/Common/src/itkLabelObjectLine.h,Code/Common/src/itkLabelObjectLine.h,Apache-2.0
Code/Common/src/itkLightObject.h,Code/Common/src/itkLightObject.h,Apache-2.0
Code/Common/src/itkMacro.h,Code/Common/src/itkMacro.h,Apache-2.0
Code/Common/src/itkMatrix.h,Code/Common/src/itkMatrix.h,Apache-2.0
Code/Common/src/itkMatrixOffsetTransformBase.h,Code/Common/src/itkMatrixOffsetTransformBase.h,Apache-2.0
Code/Common/src/itkMetaDataDictionary.h,Code/Common/src/itkMetaDataDictionary.h,Apache-2.0
Code/Common/src/itkMetaDataObject.h,Code/Common/src/itkMetaDataObject.h,Apache-2.0
Code/Common/src/itkMetaDataObject.hxx,Code/Common/src/itkMetaDataObject.hxx,Apache-2.0
Code/Common/src/itkMultiThreader.h,Code/Common/src/itkMultiThreader.h,Apache-2.0
Code/Common/src/itkMultiTransform.h,Code/Common/src/itkMultiTransform.h,Apache-2.0
Code/Common/src/itkNeighborhoodAccessorFunctor.h,Code/Common/src/itkNeighborhoodAccessorFunctor.h,Apache-2.0
Code/Common/src/itkNumericTraits.h,Code/Common/src/itkNumericTraits.h,Apache-2.0
Code/Common/src/itkObject.h,Code/Common/src/itkObject.h,Apache-2.0
Code/Common/src/itkObjectFactory.h,Code/Common/src/itkObjectFactory.h,Apache-2.0
Code/Common/src/itkObjectFactoryBase.h,Code/Common/src/itkObjectFactoryBase.h,Apache-2.0
Code/Common/src/itkOptimizerParameters.h,Code/Common/src/itkOptimizerParameters.h,Apache-2.0
Code/Common/src/itkOutputWindow.h,Code/Common/src/itkOutputWindow.h,Apache-2.0
Code/Common/src/itkPoint.h,Code/Common/src/itkPoint.h,Apache-2.0
Code/Common/src/itkPointSet.h,Code/Common/src/itkPointSet.h,Apache-2.0
Code/Common/src/itkProcessObject.h,Code/Common/src/itkProcessObject.h,Apache-2.0
Code/Common/src/itkQuaternionRigidTransform.h,Code/Common/src/itkQuaternionRigidTransform.h,Apache-2.0
Code/Common/src/itkQuaternionRigidTransform.hxx,Code/Common/src/itkQuaternionRigidTransform.hxx,Apache-2.0
Code/Common/src/itkRealTimeStamp.h,Code/Common/src/itkRealTimeStamp.h,Apache-2.0
Code/Common/src/itkRigid2DTransform.h,Code/Common/src/itkRigid2DTransform.h,Apache-2.0
Code/Common/src/itkRigid3DTransform.h,Code/Common/src/itkRigid3DTransform.h,Apache-2.0
Code/Common/src/itkScaleLogarithmicTransform.h,Code/Common/src/itkScaleLogarithmicTransform.h,Apache-2.0
Code/Common/src/itkScaleLogarithmicTransform.hxx,Code/Common/src/itkScaleLogarithmicTransform.hxx,Apache-2.0
Code/Common/src/itkScaleSkewVersor3DTransform.h,Code/Common/src/itkScaleSkewVersor3DTransform.h,Apache-2.0
Code/Common/src/itkScaleSkewVersor3DTransform.hxx,Code/Common/src/itkScaleSkewVersor3DTransform.hxx,Apache-2.0
Code/Common/src/itkScaleTransform.h,Code/Common/src/itkScaleTransform.h,Apache-2.0
Code/Common/src/itkScaleTransform.hxx,Code/Common/src/itkScaleTransform.hxx,Apache-2.0
Code/Common/src/itkScaleVersor3DTransform.h,Code/Common/src/itkScaleVersor3DTransform.h,Apache-2.0
Code/Common/src/itkScaleVersor3DTransform.hxx,Code/Common/src/itkScaleVersor3DTransform.hxx,Apache-2.0
Code/Common/src/itkSimilarity2DTransform.h,Code/Common/src/itkSimilarity2DTransform.h,Apache-2.0
Code/Common/src/itkSimilarity2DTransform.hxx,Code/Common/src/itkSimilarity2DTransform.hxx,Apache-2.0
Code/Common/src/itkSimilarity3DTransform.h,Code/Common/src/itkSimilarity3DTransform.h,Apache-2.0
Code/Common/src/itkSimilarity3DTransform.hxx,Code/Common/src/itkSimilarity3DTransform.hxx,Apache-2.0
Code/Common/src/itkSimpleFastMutexLock.h,Code/Common/src/itkSimpleFastMutexLock.h,Apache-2.0
Code/Common/src/itkSmartPointer.h,Code/Common/src/itkSmartPointer.h,Apache-2.0
Code/Common/src/itkSmartPointerForwardReference.h,Code/Common/src/itkSmartPointerForwardReference.h,Apache-2.0
Code/Common/src/itkTextOutput.h,Code/Common/src/itkTextOutput.h,Apache-2.0
Code/Common/src/itkTimeStamp.h,Code/Common/src/itkTimeStamp.h,Apache-2.0
Code/Common/src/itkTransform.h,Code/Common/src/itkTransform.h,Apache-2.0
Code/Common/src/itkTransformBase.h,Code/Common/src/itkTransformBase.h,Apache-2.0
Code/Common/src/itkTransformFactory.h,Code/Common/src/itkTransformFactory.h,Apache-2.0
Code/Common/src/itkTransformFactoryBase.h,Code/Common/src/itkTransformFactoryBase.h,Apache-2.0
Code/Common/src/itkTransformFileReader.h,Code/Common/src/itkTransformFileReader.h,Apache-2.0
Code/Common/src/itkTransformFileReader.hxx,Code/Common/src/itkTransformFileReader.hxx,Apache-2.0
Code/Common/src/itkTransformFileWriter.h,Code/Common/src/itkTransformFileWriter.h,Apache-2.0
Code/Common/src/itkTransformFileWriter.hxx,Code/Common/src/itkTransformFileWriter.hxx,Apache-2.0
Code/Common/src/itkTransformIOBase.h,Code/Common/src/itkTransformIOBase.h,Apache-2.0
Code/Common/src/itkTranslationTransform.h,Code/Common/src/itkTranslationTransform.h,Apache-2.0
Code/Common/src/itkTranslationTransform.hxx,Code/Common/src/itkTranslationTransform.hxx,Apache-2.0
Code/Common/src/itkVectorImage.h,Code/Common/src/itkVectorImage.h,Apache-2.0
Code/Common/src/itkVectorImage.hxx,Code/Common/src/itkVectorImage.hxx,Apache-2.0
Code/Common/src/itkVectorImageNeighborhoodAccessorFunctor.h,Code/Common/src/itkVectorImageNeighborhoodAccessorFunctor.h,Apache-2.0
Code/Common/src/itkVectorInterpolateImageFunction.h,Code/Common/src/itkVectorInterpolateImageFunction.h,Apache-2.0
Code/Common/src/itkVectorNearestNeighborInterpolateImageFunction.h,Code/Common/src/itkVectorNearestNeighborInterpolateImageFunction.h,Apache-2.0
Code/Common/src/itkVectorNeighborhoodOperatorImageFilter.h,Code/Common/src/itkVectorNeighborhoodOperatorImageFilter.h,Apache-2.0
Code/Common/src/itkVersorRigid3DTransform.h,Code/Common/src/itkVersorRigid3DTransform.h,Apache-2.0
Code/Common/src/itkVersorRigid3DTransform.hxx,Code/Common/src/itkVersorRigid3DTransform.hxx,Apache-2.0
Code/Common/src/itkVersorTransform.h,Code/Common/src/itkVersorTransform.h,Apache-2.0
Code/Common/src/itkVersorTransform.hxx,Code/Common/src/itkVersorTransform.hxx,Apache-2.0
Code/Common/src/itkWeakPointer.h,Code/Common/src/itkWeakPointer.h,Apache-2.0
Code/Common/src/itkWin32Header.h,Code/Common/src/itkWin32Header.h,Apache-2.0
Code/Common/src/itkWindows.h,Code/Common/src/itkWindows.h,Apache-2.0
Code/Common/src/sitkAffineTransform.cxx,Code/Common/src/sitkAffineTransform.cxx,autonomous
Code/Common/src/sitkBSplineTransform.cxx,Code/Common/src/sitkBSplineTransform.cxx,autonomous
Code/Common/src/sitkCommand.cxx,Code/Common/src/sitkCommand.cxx,autonomous
Code/Common/src/sitkComposeScaleSkewVersor3DTransform.cxx,Code/Common/src/sitkComposeScaleSkewVersor3DTransform.cxx,autonomous
Code/Common/src/sitkCompositeTransform.cxx,Code/Common/src/sitkCompositeTransform.cxx,autonomous
Code/Common/src/sitkDisplacementFieldTransform.cxx,Code/Common/src/sitkDisplacementFieldTransform.cxx,autonomous
Code/Common/src/sitkEuler2DTransform.cxx,Code/Common/src/sitkEuler2DTransform.cxx,autonomous
Code/Common/src/sitkEuler3DTransform.cxx,Code/Common/src/sitkEuler3DTransform.cxx,autonomous
Code/Common/src/sitkEvent.cxx,Code/Common/src/sitkEvent.cxx,autonomous
Code/Common/src/sitkExceptionObject.cxx,Code/Common/src/sitkExceptionObject.cxx,autonomous
Code/Common/src/sitkFunctionCommand.cxx,Code/Common/src/sitkFunctionCommand.cxx,autonomous
Code/Common/src/sitkImage.cxx,Code/Common/src/sitkImage.cxx,autonomous
Code/Common/src/sitkImage.hxx,Code/Common/src/sitkImage.hxx,autonomous
Code/Common/src/sitkImageExplicit.cxx,Code/Common/src/sitkImageExplicit.cxx,autonomous
Code/Common/src/sitkInterpolator.cxx,Code/Common/src/sitkInterpolator.cxx,autonomous
Code/Common/src/sitkKernel.cxx,Code/Common/src/sitkKernel.cxx,autonomous
Code/Common/src/sitkLogger.cxx,Code/Common/src/sitkLogger.cxx,autonomous
Code/Common/src/sitkObjectOwnedBase.cxx,Code/Common/src/sitkObjectOwnedBase.cxx,autonomous
Code/Common/src/sitkPimpleImageBase.h,Code/Common/src/sitkPimpleImageBase.h,autonomous
Code/Common/src/sitkPimpleImageBase.hxx,Code/Common/src/sitkPimpleImageBase.hxx,autonomous
Code/Common/src/sitkPimpleTransform.hxx,Code/Common/src/sitkPimpleTransform.hxx,autonomous
Code/Common/src/sitkPixelIDValues.cxx,Code/Common/src/sitkPixelIDValues.cxx,autonomous
Code/Common/src/sitkProcessObject.cxx,Code/Common/src/sitkProcessObject.cxx,autonomous
Code/Common/src/sitkProcessObjectDeleter.cxx,Code/Common/src/sitkProcessObjectDeleter.cxx,autonomous
Code/Common/src/sitkScaleSkewVersor3DTransform.cxx,Code/Common/src/sitkScaleSkewVersor3DTransform.cxx,autonomous
Code/Common/src/sitkScaleTransform.cxx,Code/Common/src/sitkScaleTransform.cxx,autonomous
Code/Common/src/sitkScaleVersor3DTransform.cxx,Code/Common/src/sitkScaleVersor3DTransform.cxx,autonomous
Code/Common/src/sitkSimilarity2DTransform.cxx,Code/Common/src/sitkSimilarity2DTransform.cxx,autonomous
Code/Common/src/sitkSimilarity3DTransform.cxx,Code/Common/src/sitkSimilarity3DTransform.cxx,autonomous
Code/Common/src/sitkTransform.cxx,Code/Common/src/sitkTransform.cxx,autonomous
Code/Common/src/sitkTransformHelper.hxx,Code/Common/src/sitkTransformHelper.hxx,autonomous
Code/Common/src/sitkTranslationTransform.cxx,Code/Common/src/sitkTranslationTransform.cxx,autonomous
Code/Common/src/sitkVersion.cxx,Code/Common/src/sitkVersion.cxx,autonomous
Code/Common/src/sitkVersorRigid3DTransform.cxx,Code/Common/src/sitkVersorRigid3DTransform.cxx,autonomous
Code/Common/src/sitkVersorTransform.cxx,Code/Common/src/sitkVersorTransform.cxx,autonomous
Code/ElastixTransformixWrappers/include/sitkElastixImageFilter.h,Code/ElastixTransformixWrappers/include/sitkElastixImageFilter.h,autonomous
Code/ElastixTransformixWrappers/include/sitkElastixTransformixWrappers.h,Code/ElastixTransformixWrappers/include/sitkElastixTransformixWrappers.h,autonomous
Code/ElastixTransformixWrappers/include/sitkTransformixImageFilter.h,Code/ElastixTransformixWrappers/include/sitkTransformixImageFilter.h,autonomous
Code/ElastixTransformixWrappers/src/sitkElastixImageFilter.cxx,Code/ElastixTransformixWrappers/src/sitkElastixImageFilter.cxx,autonomous
Code/ElastixTransformixWrappers/src/sitkElastixImageFilterImpl.cxx,Code/ElastixTransformixWrappers/src/sitkElastixImageFilterImpl.cxx,autonomous
Code/ElastixTransformixWrappers/src/sitkElastixImageFilterImpl.h,Code/ElastixTransformixWrappers/src/sitkElastixImageFilterImpl.h,autonomous
Code/ElastixTransformixWrappers/src/sitkInternalUtilities.h,Code/ElastixTransformixWrappers/src/sitkInternalUtilities.h,autonomous
Code/ElastixTransformixWrappers/src/sitkTransformixImageFilter.cxx,Code/ElastixTransformixWrappers/src/sitkTransformixImageFilter.cxx,autonomous
Code/ElastixTransformixWrappers/src/sitkTransformixImageFilterImpl.cxx,Code/ElastixTransformixWrappers/src/sitkTransformixImageFilterImpl.cxx,autonomous
Code/ElastixTransformixWrappers/src/sitkTransformixImageFilterImpl.h,Code/ElastixTransformixWrappers/src/sitkTransformixImageFilterImpl.h,autonomous
Code/Explicit/include/itkAffineTransform.h,Code/Explicit/include/itkAffineTransform.h,Apache-2.0
Code/Explicit/include/itkAttributeLabelObject.h,Code/Explicit/include/itkAttributeLabelObject.h,Apache-2.0
Code/Explicit/include/itkComposeImageFilter.h,Code/Explicit/include/itkComposeImageFilter.h,Apache-2.0
Code/Explicit/include/itkComposeImageFilter.hxx,Code/Explicit/include/itkComposeImageFilter.hxx,Apache-2.0
Code/Explicit/include/itkConceptChecking.h,Code/Explicit/include/itkConceptChecking.h,Apache-2.0
Code/Explicit/include/itkContinuousIndex.h,Code/Explicit/include/itkContinuousIndex.h,Apache-2.0
Code/Explicit/include/itkDataObject.h,Code/Explicit/include/itkDataObject.h,Apache-2.0
Code/Explicit/include/itkDefaultPixelAccessor.h,Code/Explicit/include/itkDefaultPixelAccessor.h,Apache-2.0
Code/Explicit/include/itkDefaultPixelAccessorFunctor.h,Code/Explicit/include/itkDefaultPixelAccessorFunctor.h,Apache-2.0
Code/Explicit/include/itkDefaultVectorPixelAccessor.h,Code/Explicit/include/itkDefaultVectorPixelAccessor.h,Apache-2.0
Code/Explicit/include/itkDefaultVectorPixelAccessorFunctor.h,Code/Explicit/include/itkDefaultVectorPixelAccessorFunctor.h,Apache-2.0
Code/Explicit/include/itkFixedArray.h,Code/Explicit/include/itkFixedArray.h,Apache-2.0
Code/Explicit/include/itkFloatTypes.h,Code/Explicit/include/itkFloatTypes.h,Apache-2.0
Code/Explicit/include/itkImage.h,Code/Explicit/include/itkImage.h,Apache-2.0
Code/Explicit/include/itkImage.hxx,Code/Explicit/include/itkImage.hxx,Apache-2.0
Code/Explicit/include/itkImageBase.h,Code/Explicit/include/itkImageBase.h,Apache-2.0
Code/Explicit/include/itkImageBase.hxx,Code/Explicit/include/itkImageBase.hxx,Apache-2.0
Code/Explicit/include/itkImageConstIterator.h,Code/Explicit/include/itkImageConstIterator.h,Apache-2.0
Code/Explicit/include/itkImageConstIterator.hxx,Code/Explicit/include/itkImageConstIterator.hxx,Apache-2.0
Code/Explicit/include/itkImageHelper.h,Code/Explicit/include/itkImageHelper.h,Apache-2.0
Code/Explicit/include/itkImageIterator.h,Code/Explicit/include/itkImageIterator.h,Apache-2.0
Code/Explicit/include/itkImageRegion.h,Code/Explicit/include/itkImageRegion.h,Apache-2.0
Code/Explicit/include/itkImageRegion.hxx,Code/Explicit/include/itkImageRegion.hxx,Apache-2.0
Code/Explicit/include/itkImageRegionConstIterator.h,Code/Explicit/include/itkImageRegionConstIterator.h,Apache-2.0
Code/Explicit/include/itkImageRegionConstIterator.hxx,Code/Explicit/include/itkImageRegionConstIterator.hxx,Apache-2.0
Code/Explicit/include/itkImageRegionSplitterBase.h,Code/Explicit/include/itkImageRegionSplitterBase.h,Apache-2.0
Code/Explicit/include/itkImageScanlineConstIterator.h,Code/Explicit/include/itkImageScanlineConstIterator.h,Apache-2.0
Code/Explicit/include/itkImageScanlineConstIterator.hxx,Code/Explicit/include/itkImageScanlineConstIterator.hxx,Apache-2.0
Code/Explicit/include/itkImageScanlineIterator.h,Code/Explicit/include/itkImageScanlineIterator.h,Apache-2.0
Code/Explicit/include/itkImageScanlineIterator.hxx,Code/Explicit/include/itkImageScanlineIterator.hxx,Apache-2.0
Code/Explicit/include/itkImageSource.h,Code/Explicit/include/itkImageSource.h,Apache-2.0
Code/Explicit/include/itkImageSource.hxx,Code/Explicit/include/itkImageSource.hxx,Apache-2.0
Code/Explicit/include/itkImageToImageFilter.h,Code/Explicit/include/itkImageToImageFilter.h,Apache-2.0
Code/Explicit/include/itkImageToImageFilter.hxx,Code/Explicit/include/itkImageToImageFilter.hxx,Apache-2.0
Code/Explicit/include/itkImageToImageFilterDetail.h,Code/Explicit/include/itkImageToImageFilterDetail.h,Apache-2.0
Code/Explicit/include/itkImageTransformHelper.h,Code/Explicit/include/itkImageTransformHelper.h,Apache-2.0
Code/Explicit/include/itkImportImageContainer.h,Code/Explicit/include/itkImportImageContainer.h,Apache-2.0
Code/Explicit/include/itkImportImageContainer.hxx,Code/Explicit/include/itkImportImageContainer.hxx,Apache-2.0
Code/Explicit/include/itkIndex.h,Code/Explicit/include/itkIndex.h,Apache-2.0
Code/Explicit/include/itkInPlaceImageFilter.h,Code/Explicit/include/itkInPlaceImageFilter.h,Apache-2.0
Code/Explicit/include/itkInPlaceImageFilter.hxx,Code/Explicit/include/itkInPlaceImageFilter.hxx,Apache-2.0
Code/Explicit/include/itkIntTypes.h,Code/Explicit/include/itkIntTypes.h,Apache-2.0
Code/Explicit/include/itkIsSame.h,Code/Explicit/include/itkIsSame.h,Apache-2.0
Code/Explicit/include/itkLabelMap.h,Code/Explicit/include/itkLabelMap.h,Apache-2.0
Code/Explicit/include/itkLabelMap.hxx,Code/Explicit/include/itkLabelMap.hxx,Apache-2.0
Code/Explicit/include/itkLabelObject.h,Code/Explicit/include/itkLabelObject.h,Apache-2.0
Code/Explicit/include/itkMacro.h,Code/Explicit/include/itkMacro.h,Apache-2.0
Code/Explicit/include/itkMatrix.h,Code/Explicit/include/itkMatrix.h,Apache-2.0
Code/Explicit/include/itkNeighborhoodAccessorFunctor.h,Code/Explicit/include/itkNeighborhoodAccessorFunctor.h,Apache-2.0
Code/Explicit/include/itkNumericTraits.h,Code/Explicit/include/itkNumericTraits.h,Apache-2.0
Code/Explicit/include/itkObject.h,Code/Explicit/include/itkObject.h,Apache-2.0
Code/Explicit/include/itkObjectFactory.h,Code/Explicit/include/itkObjectFactory.h,Apache-2.0
Code/Explicit/include/itkOffset.h,Code/Explicit/include/itkOffset.h,Apache-2.0
Code/Explicit/include/itkPoint.h,Code/Explicit/include/itkPoint.h,Apache-2.0
Code/Explicit/include/itkProcessObject.h,Code/Explicit/include/itkProcessObject.h,Apache-2.0
Code/Explicit/include/itkRegion.h,Code/Explicit/include/itkRegion.h,Apache-2.0
Code/Explicit/include/itkShapeLabelObject.h,Code/Explicit/include/itkShapeLabelObject.h,Apache-2.0
Code/Explicit/include/itkSize.h,Code/Explicit/include/itkSize.h,Apache-2.0
Code/Explicit/include/itkUnaryFunctorImageFilter.h,Code/Explicit/include/itkUnaryFunctorImageFilter.h,Apache-2.0
Code/Explicit/include/itkVariableLengthVector.h,Code/Explicit/include/itkVariableLengthVector.h,Apache-2.0
Code/Explicit/include/itkVectorImage.h,Code/Explicit/include/itkVectorImage.h,Apache-2.0
Code/Explicit/include/itkVectorImage.hxx,Code/Explicit/include/itkVectorImage.hxx,Apache-2.0
Code/Explicit/include/itkVectorImageNeighborhoodAccessorFunctor.h,Code/Explicit/include/itkVectorImageNeighborhoodAccessorFunctor.h,Apache-2.0
Code/Explicit/include/itkVectorIndexSelectionCastImageFilter.h,Code/Explicit/include/itkVectorIndexSelectionCastImageFilter.h,Apache-2.0
Code/Explicit/include/itkWeakPointer.h,Code/Explicit/include/itkWeakPointer.h,Apache-2.0
Code/Explicit/include/sitkExplicit.h,Code/Explicit/include/sitkExplicit.h,autonomous
Code/Explicit/include/sitkExplicitITK.h,Code/Explicit/include/sitkExplicitITK.h,autonomous
Code/Explicit/include/sitkExplicitITKComposeImageFilter.h,Code/Explicit/include/sitkExplicitITKComposeImageFilter.h,autonomous
Code/Explicit/include/sitkExplicitITKDefaultPixelAccessor.h,Code/Explicit/include/sitkExplicitITKDefaultPixelAccessor.h,autonomous
Code/Explicit/include/sitkExplicitITKDefaultVectorPixelAccessor.h,Code/Explicit/include/sitkExplicitITKDefaultVectorPixelAccessor.h,autonomous
Code/Explicit/include/sitkExplicitITKImage.h,Code/Explicit/include/sitkExplicitITKImage.h,autonomous
Code/Explicit/include/sitkExplicitITKImageBase.h,Code/Explicit/include/sitkExplicitITKImageBase.h,autonomous
Code/Explicit/include/sitkExplicitITKImageConstIterator.h,Code/Explicit/include/sitkExplicitITKImageConstIterator.h,autonomous
Code/Explicit/include/sitkExplicitITKImageRegion.h,Code/Explicit/include/sitkExplicitITKImageRegion.h,autonomous
Code/Explicit/include/sitkExplicitITKImageRegionConstIterator.h,Code/Explicit/include/sitkExplicitITKImageRegionConstIterator.h,autonomous
Code/Explicit/include/sitkExplicitITKImageScanlineConstIterator.h,Code/Explicit/include/sitkExplicitITKImageScanlineConstIterator.h,autonomous
Code/Explicit/include/sitkExplicitITKImageScanlineIterator.h,Code/Explicit/include/sitkExplicitITKImageScanlineIterator.h,autonomous
Code/Explicit/include/sitkExplicitITKImageSource.h,Code/Explicit/include/sitkExplicitITKImageSource.h,autonomous
Code/Explicit/include/sitkExplicitITKImageToImageFilter.h,Code/Explicit/include/sitkExplicitITKImageToImageFilter.h,autonomous
Code/Explicit/include/sitkExplicitITKImportImageContainer.h,Code/Explicit/include/sitkExplicitITKImportImageContainer.h,autonomous
Code/Explicit/include/sitkExplicitITKInPlaceImageFilter.h,Code/Explicit/include/sitkExplicitITKInPlaceImageFilter.h,autonomous
Code/Explicit/include/sitkExplicitITKLabelMap.h,Code/Explicit/include/sitkExplicitITKLabelMap.h,autonomous
Code/Explicit/include/sitkExplicitITKVectorImage.h,Code/Explicit/include/sitkExplicitITKVectorImage.h,autonomous
Code/Explicit/include/sitkExplicitITKVectorIndexSelectionCastImageFilter.h,Code/Explicit/include/sitkExplicitITKVectorIndexSelectionCastImageFilter.h,autonomous
Code/Explicit/src/sitkExplicitITKComposeImageFilter.cxx,Code/Explicit/src/sitkExplicitITKComposeImageFilter.cxx,autonomous
Code/Explicit/src/sitkExplicitITKDefaultPixelAccessor.cxx,Code/Explicit/src/sitkExplicitITKDefaultPixelAccessor.cxx,autonomous
Code/Explicit/src/sitkExplicitITKDefaultVectorPixelAccessor.cxx,Code/Explicit/src/sitkExplicitITKDefaultVectorPixelAccessor.cxx,autonomous
Code/Explicit/src/sitkExplicitITKImage.cxx,Code/Explicit/src/sitkExplicitITKImage.cxx,autonomous
Code/Explicit/src/sitkExplicitITKImageBase.cxx,Code/Explicit/src/sitkExplicitITKImageBase.cxx,autonomous
Code/Explicit/src/sitkExplicitITKImageConstIterator.cxx,Code/Explicit/src/sitkExplicitITKImageConstIterator.cxx,autonomous
Code/Explicit/src/sitkExplicitITKImageRegion.cxx,Code/Explicit/src/sitkExplicitITKImageRegion.cxx,autonomous
Code/Explicit/src/sitkExplicitITKImageRegionConstIterator.cxx,Code/Explicit/src/sitkExplicitITKImageRegionConstIterator.cxx,autonomous
Code/Explicit/src/sitkExplicitITKImageScanlineConstIterator.cxx,Code/Explicit/src/sitkExplicitITKImageScanlineConstIterator.cxx,autonomous
Code/Explicit/src/sitkExplicitITKImageScanlineIterator.cxx,Code/Explicit/src/sitkExplicitITKImageScanlineIterator.cxx,autonomous
Code/Explicit/src/sitkExplicitITKImageSource.cxx,Code/Explicit/src/sitkExplicitITKImageSource.cxx,autonomous
Code/Explicit/src/sitkExplicitITKImageToImageFilter.cxx,Code/Explicit/src/sitkExplicitITKImageToImageFilter.cxx,autonomous
Code/Explicit/src/sitkExplicitITKImportImageContainer.cxx,Code/Explicit/src/sitkExplicitITKImportImageContainer.cxx,autonomous
Code/Explicit/src/sitkExplicitITKInPlaceImageFilter.cxx,Code/Explicit/src/sitkExplicitITKInPlaceImageFilter.cxx,autonomous
Code/Explicit/src/sitkExplicitITKLabelMap.cxx,Code/Explicit/src/sitkExplicitITKLabelMap.cxx,autonomous
Code/Explicit/src/sitkExplicitITKVectorImage.cxx,Code/Explicit/src/sitkExplicitITKVectorImage.cxx,autonomous
Code/Explicit/src/sitkExplicitITKVectorIndexSelectionCastImageFilter.cxx,Code/Explicit/src/sitkExplicitITKVectorIndexSelectionCastImageFilter.cxx,autonomous
Code/IO/include/sitkImageFileReader.h,Code/IO/include/sitkImageFileReader.h,autonomous
Code/IO/include/sitkImageFileWriter.h,Code/IO/include/sitkImageFileWriter.h,autonomous
Code/IO/include/sitkImageReaderBase.h,Code/IO/include/sitkImageReaderBase.h,autonomous
Code/IO/include/sitkImageSeriesReader.h,Code/IO/include/sitkImageSeriesReader.h,autonomous
Code/IO/include/sitkImageSeriesWriter.h,Code/IO/include/sitkImageSeriesWriter.h,autonomous
Code/IO/include/sitkImageViewer.h,Code/IO/include/sitkImageViewer.h,autonomous
Code/IO/include/sitkImportImageFilter.h,Code/IO/include/sitkImportImageFilter.h,autonomous
Code/IO/include/sitkIO.h,Code/IO/include/sitkIO.h,autonomous
Code/IO/include/sitkShow.h,Code/IO/include/sitkShow.h,autonomous
Code/IO/src/itkCommand.h,Code/IO/src/itkCommand.h,Apache-2.0
Code/IO/src/itkCovariantVector.h,Code/IO/src/itkCovariantVector.h,Apache-2.0
Code/IO/src/itkDefaultConvertPixelTraits.h,Code/IO/src/itkDefaultConvertPixelTraits.h,Apache-2.0
Code/IO/src/itkDefaultPixelAccessor.h,Code/IO/src/itkDefaultPixelAccessor.h,Apache-2.0
Code/IO/src/itkDefaultPixelAccessorFunctor.h,Code/IO/src/itkDefaultPixelAccessorFunctor.h,Apache-2.0
Code/IO/src/itkDefaultVectorPixelAccessor.h,Code/IO/src/itkDefaultVectorPixelAccessor.h,Apache-2.0
Code/IO/src/itkDefaultVectorPixelAccessorFunctor.h,Code/IO/src/itkDefaultVectorPixelAccessorFunctor.h,Apache-2.0
Code/IO/src/itkDiffusionTensor3D.h,Code/IO/src/itkDiffusionTensor3D.h,Apache-2.0
Code/IO/src/itkExceptionObject.h,Code/IO/src/itkExceptionObject.h,Apache-2.0
Code/IO/src/itkExtractImageFilter.h,Code/IO/src/itkExtractImageFilter.h,Apache-2.0
Code/IO/src/itkExtractImageFilter.hxx,Code/IO/src/itkExtractImageFilter.hxx,Apache-2.0
Code/IO/src/itkExtractImageFilterRegionCopier.h,Code/IO/src/itkExtractImageFilterRegionCopier.h,Apache-2.0
Code/IO/src/itkFastMutexLock.h,Code/IO/src/itkFastMutexLock.h,Apache-2.0
Code/IO/src/itkFixedArray.h,Code/IO/src/itkFixedArray.h,Apache-2.0
Code/IO/src/itkGDCMImageIO.h,Code/IO/src/itkGDCMImageIO.h,Apache-2.0
Code/IO/src/itkGDCMSeriesFileNames.h,Code/IO/src/itkGDCMSeriesFileNames.h,Apache-2.0
Code/IO/src/itkImage.h,Code/IO/src/itkImage.h,Apache-2.0
Code/IO/src/itkImage.hxx,Code/IO/src/itkImage.hxx,Apache-2.0
Code/IO/src/itkImageFileReader.h,Code/IO/src/itkImageFileReader.h,Apache-2.0
Code/IO/src/itkImageFileReader.hxx,Code/IO/src/itkImageFileReader.hxx,Apache-2.0
Code/IO/src/itkImageFileWriter.h,Code/IO/src/itkImageFileWriter.h,Apache-2.0
Code/IO/src/itkImageFileWriter.hxx,Code/IO/src/itkImageFileWriter.hxx,Apache-2.0
Code/IO/src/itkImageIOBase.h,Code/IO/src/itkImageIOBase.h,Apache-2.0
Code/IO/src/itkImageIOFactory.h,Code/IO/src/itkImageIOFactory.h,Apache-2.0
Code/IO/src/itkImageIORegion.h,Code/IO/src/itkImageIORegion.h,Apache-2.0
Code/IO/src/itkImageRegion.h,Code/IO/src/itkImageRegion.h,Apache-2.0
Code/IO/src/itkImageRegionConstIterator.h,Code/IO/src/itkImageRegionConstIterator.h,Apache-2.0
Code/IO/src/itkImageRegionIterator.h,Code/IO/src/itkImageRegionIterator.h,Apache-2.0
Code/IO/src/itkImageRegionIterator.hxx,Code/IO/src/itkImageRegionIterator.hxx,Apache-2.0
Code/IO/src/itkImageRegionSplitterBase.h,Code/IO/src/itkImageRegionSplitterBase.h,Apache-2.0
Code/IO/src/itkImageSeriesReader.h,Code/IO/src/itkImageSeriesReader.h,Apache-2.0
Code/IO/src/itkImageSeriesReader.hxx,Code/IO/src/itkImageSeriesReader.hxx,Apache-2.0
Code/IO/src/itkImageSeriesWriter.h,Code/IO/src/itkImageSeriesWriter.h,Apache-2.0
Code/IO/src/itkImageSeriesWriter.hxx,Code/IO/src/itkImageSeriesWriter.hxx,Apache-2.0
Code/IO/src/itkImageSource.h,Code/IO/src/itkImageSource.h,Apache-2.0
Code/IO/src/itkImportImageContainer.h,Code/IO/src/itkImportImageContainer.h,Apache-2.0
Code/IO/src/itkIndent.h,Code/IO/src/itkIndent.h,Apache-2.0
Code/IO/src/itkInPlaceImageFilter.h,Code/IO/src/itkInPlaceImageFilter.h,Apache-2.0
Code/IO/src/itkLightProcessObject.h,Code/IO/src/itkLightProcessObject.h,Apache-2.0
Code/IO/src/itkMacro.h,Code/IO/src/itkMacro.h,Apache-2.0
Code/IO/src/itkMetaDataDictionary.h,Code/IO/src/itkMetaDataDictionary.h,Apache-2.0
Code/IO/src/itkMetaDataObject.h,Code/IO/src/itkMetaDataObject.h,Apache-2.0
Code/IO/src/itkMetaDataObject.hxx,Code/IO/src/itkMetaDataObject.hxx,Apache-2.0
Code/IO/src/itkMetaDataObjectBase.h,Code/IO/src/itkMetaDataObjectBase.h,Apache-2.0
Code/IO/src/itkNeighborhoodAccessorFunctor.h,Code/IO/src/itkNeighborhoodAccessorFunctor.h,Apache-2.0
Code/IO/src/itkObject.h,Code/IO/src/itkObject.h,Apache-2.0
Code/IO/src/itkObjectFactory.h,Code/IO/src/itkObjectFactory.h,Apache-2.0
Code/IO/src/itkPoint.h,Code/IO/src/itkPoint.h,Apache-2.0
Code/IO/src/itkProcessObject.h,Code/IO/src/itkProcessObject.h,Apache-2.0
Code/IO/src/itkRGBAPixel.h,Code/IO/src/itkRGBAPixel.h,Apache-2.0
Code/IO/src/itkRGBPixel.h,Code/IO/src/itkRGBPixel.h,Apache-2.0
Code/IO/src/itkSimpleDataObjectDecorator.h,Code/IO/src/itkSimpleDataObjectDecorator.h,Apache-2.0
Code/IO/src/itkSize.h,Code/IO/src/itkSize.h,Apache-2.0
Code/IO/src/itkSmartPointer.h,Code/IO/src/itkSmartPointer.h,Apache-2.0
Code/IO/src/itkSymmetricSecondRankTensor.h,Code/IO/src/itkSymmetricSecondRankTensor.h,Apache-2.0
Code/IO/src/itkTransformFileReader.h,Code/IO/src/itkTransformFileReader.h,Apache-2.0
Code/IO/src/itkTransformFileReader.hxx,Code/IO/src/itkTransformFileReader.hxx,Apache-2.0
Code/IO/src/itkTransformFileWriter.h,Code/IO/src/itkTransformFileWriter.h,Apache-2.0
Code/IO/src/itkTransformFileWriter.hxx,Code/IO/src/itkTransformFileWriter.hxx,Apache-2.0
Code/IO/src/itkTransformIOBase.h,Code/IO/src/itkTransformIOBase.h,Apache-2.0
Code/IO/src/itkVariableLengthVector.h,Code/IO/src/itkVariableLengthVector.h,Apache-2.0
Code/IO/src/itkVectorImage.h,Code/IO/src/itkVectorImage.h,Apache-2.0
Code/IO/src/itkVectorImage.hxx,Code/IO/src/itkVectorImage.hxx,Apache-2.0
Code/IO/src/itkVectorImageNeighborhoodAccessorFunctor.h,Code/IO/src/itkVectorImageNeighborhoodAccessorFunctor.h,Apache-2.0
Code/IO/src/itkWeakPointer.h,Code/IO/src/itkWeakPointer.h,Apache-2.0
Code/IO/src/itkWin32Header.h,Code/IO/src/itkWin32Header.h,Apache-2.0
Code/IO/src/sitkImageFileReader.cxx,Code/IO/src/sitkImageFileReader.cxx,autonomous
Code/IO/src/sitkImageFileWriter.cxx,Code/IO/src/sitkImageFileWriter.cxx,autonomous
Code/IO/src/sitkImageIOUtilities.cxx,Code/IO/src/sitkImageIOUtilities.cxx,autonomous
Code/IO/src/sitkImageIOUtilities.h,Code/IO/src/sitkImageIOUtilities.h,autonomous
Code/IO/src/sitkImageReaderBase.cxx,Code/IO/src/sitkImageReaderBase.cxx,autonomous
Code/IO/src/sitkImageSeriesReader.cxx,Code/IO/src/sitkImageSeriesReader.cxx,autonomous
Code/IO/src/sitkImageSeriesWriter.cxx,Code/IO/src/sitkImageSeriesWriter.cxx,autonomous
Code/IO/src/sitkImageViewer.cxx,Code/IO/src/sitkImageViewer.cxx,autonomous
Code/IO/src/sitkImportImageFilter.cxx,Code/IO/src/sitkImportImageFilter.cxx,autonomous
Code/IO/src/sitkMetaDataDictionaryCustomCast.hxx,Code/IO/src/sitkMetaDataDictionaryCustomCast.hxx,autonomous
Code/IO/src/sitkShow.cxx,Code/IO/src/sitkShow.cxx,autonomous
Code/Registration/include/sitkImageRegistrationMethod.h,Code/Registration/include/sitkImageRegistrationMethod.h,autonomous
Code/Registration/include/sitkRegistration.h,Code/Registration/include/sitkRegistration.h,autonomous
Code/Registration/src/itkANTSNeighborhoodCorrelationImageToImageMetricv4.h,Code/Registration/src/itkANTSNeighborhoodCorrelationImageToImageMetricv4.h,Apache-2.0
Code/Registration/src/itkANTSNeighborhoodCorrelationImageToImageMetricv4.hxx,Code/Registration/src/itkANTSNeighborhoodCorrelationImageToImageMetricv4.hxx,Apache-2.0
Code/Registration/src/itkANTSNeighborhoodCorrelationImageToImageMetricv4GetValueAndDerivativeThreader.h,Code/Registration/src/itkANTSNeighborhoodCorrelationImageToImageMetricv4GetValueAndDerivativeThreader.h,Apache-2.0
Code/Registration/src/itkArray2D.h,Code/Registration/src/itkArray2D.h,Apache-2.0
Code/Registration/src/itkBSplineBaseTransform.h,Code/Registration/src/itkBSplineBaseTransform.h,Apache-2.0
Code/Registration/src/itkBSplineDerivativeKernelFunction.h,Code/Registration/src/itkBSplineDerivativeKernelFunction.h,Apache-2.0
Code/Registration/src/itkBSplineTransform.h,Code/Registration/src/itkBSplineTransform.h,Apache-2.0
Code/Registration/src/itkBSplineTransform.hxx,Code/Registration/src/itkBSplineTransform.hxx,Apache-2.0
Code/Registration/src/itkBSplineTransformParametersAdaptor.h,Code/Registration/src/itkBSplineTransformParametersAdaptor.h,Apache-2.0
Code/Registration/src/itkBSplineTransformParametersAdaptor.hxx,Code/Registration/src/itkBSplineTransformParametersAdaptor.hxx,Apache-2.0
Code/Registration/src/itkCompositeTransform.h,Code/Registration/src/itkCompositeTransform.h,Apache-2.0
Code/Registration/src/itkConjugateGradientLineSearchOptimizerv4.h,Code/Registration/src/itkConjugateGradientLineSearchOptimizerv4.h,Apache-2.0
Code/Registration/src/itkConjugateGradientLineSearchOptimizerv4.hxx,Code/Registration/src/itkConjugateGradientLineSearchOptimizerv4.hxx,Apache-2.0
Code/Registration/src/itkCorrelationImageToImageMetricv4.h,Code/Registration/src/itkCorrelationImageToImageMetricv4.h,Apache-2.0
Code/Registration/src/itkCorrelationImageToImageMetricv4.hxx,Code/Registration/src/itkCorrelationImageToImageMetricv4.hxx,Apache-2.0
Code/Registration/src/itkCorrelationImageToImageMetricv4GetValueAndDerivativeThreader.h,Code/Registration/src/itkCorrelationImageToImageMetricv4GetValueAndDerivativeThreader.h,Apache-2.0
Code/Registration/src/itkCorrelationImageToImageMetricv4HelperThreader.h,Code/Registration/src/itkCorrelationImageToImageMetricv4HelperThreader.h,Apache-2.0
Code/Registration/src/itkDataObjectDecorator.h,Code/Registration/src/itkDataObjectDecorator.h,Apache-2.0
Code/Registration/src/itkDefaultImageToImageMetricTraitsv4.h,Code/Registration/src/itkDefaultImageToImageMetricTraitsv4.h,Apache-2.0
Code/Registration/src/itkDefaultPixelAccessor.h,Code/Registration/src/itkDefaultPixelAccessor.h,Apache-2.0
Code/Registration/src/itkDefaultPixelAccessorFunctor.h,Code/Registration/src/itkDefaultPixelAccessorFunctor.h,Apache-2.0
Code/Registration/src/itkDemonsImageToImageMetricv4.h,Code/Registration/src/itkDemonsImageToImageMetricv4.h,Apache-2.0
Code/Registration/src/itkDemonsImageToImageMetricv4.hxx,Code/Registration/src/itkDemonsImageToImageMetricv4.hxx,Apache-2.0
Code/Registration/src/itkDemonsImageToImageMetricv4GetValueAndDerivativeThreader.h,Code/Registration/src/itkDemonsImageToImageMetricv4GetValueAndDerivativeThreader.h,Apache-2.0
Code/Registration/src/itkDisplacementFieldTransform.h,Code/Registration/src/itkDisplacementFieldTransform.h,Apache-2.0
Code/Registration/src/itkDisplacementFieldTransform.hxx,Code/Registration/src/itkDisplacementFieldTransform.hxx,Apache-2.0
Code/Registration/src/itkDisplacementFieldTransformParametersAdaptor.h,Code/Registration/src/itkDisplacementFieldTransformParametersAdaptor.h,Apache-2.0
Code/Registration/src/itkDisplacementFieldTransformParametersAdaptor.hxx,Code/Registration/src/itkDisplacementFieldTransformParametersAdaptor.hxx,Apache-2.0
Code/Registration/src/itkFixedArray.h,Code/Registration/src/itkFixedArray.h,Apache-2.0
Code/Registration/src/itkGradientDescentLineSearchOptimizerv4.h,Code/Registration/src/itkGradientDescentLineSearchOptimizerv4.h,Apache-2.0
Code/Registration/src/itkGradientDescentOptimizerBasev4.h,Code/Registration/src/itkGradientDescentOptimizerBasev4.h,Apache-2.0
Code/Registration/src/itkGradientDescentOptimizerv4.h,Code/Registration/src/itkGradientDescentOptimizerv4.h,Apache-2.0
Code/Registration/src/itkGradientDescentOptimizerv4.hxx,Code/Registration/src/itkGradientDescentOptimizerv4.hxx,Apache-2.0
Code/Registration/src/itkImage.h,Code/Registration/src/itkImage.h,Apache-2.0
Code/Registration/src/itkImage.hxx,Code/Registration/src/itkImage.hxx,Apache-2.0
Code/Registration/src/itkImageMaskSpatialObject.h,Code/Registration/src/itkImageMaskSpatialObject.h,Apache-2.0
Code/Registration/src/itkImageMaskSpatialObject.hxx,Code/Registration/src/itkImageMaskSpatialObject.hxx,Apache-2.0
Code/Registration/src/itkImageRegion.h,Code/Registration/src/itkImageRegion.h,Apache-2.0
Code/Registration/src/itkImageRegistrationMethodv4.h,Code/Registration/src/itkImageRegistrationMethodv4.h,Apache-2.0
Code/Registration/src/itkImageRegistrationMethodv4.hxx,Code/Registration/src/itkImageRegistrationMethodv4.hxx,Apache-2.0
Code/Registration/src/itkImageSliceConstIteratorWithIndex.h,Code/Registration/src/itkImageSliceConstIteratorWithIndex.h,Apache-2.0
Code/Registration/src/itkImageSpatialObject.h,Code/Registration/src/itkImageSpatialObject.h,Apache-2.0
Code/Registration/src/itkImageToImageFilter.h,Code/Registration/src/itkImageToImageFilter.h,Apache-2.0
Code/Registration/src/itkImageToImageMetricv4.h,Code/Registration/src/itkImageToImageMetricv4.h,Apache-2.0
Code/Registration/src/itkImageVectorOptimizerParametersHelper.h,Code/Registration/src/itkImageVectorOptimizerParametersHelper.h,Apache-2.0
Code/Registration/src/itkImportImageContainer.h,Code/Registration/src/itkImportImageContainer.h,Apache-2.0
Code/Registration/src/itkIndex.h,Code/Registration/src/itkIndex.h,Apache-2.0
Code/Registration/src/itkJointHistogramMutualInformationComputeJointPDFThreader.h,Code/Registration/src/itkJointHistogramMutualInformationComputeJointPDFThreader.h,Apache-2.0
Code/Registration/src/itkJointHistogramMutualInformationGetValueAndDerivativeThreader.h,Code/Registration/src/itkJointHistogramMutualInformationGetValueAndDerivativeThreader.h,Apache-2.0
Code/Registration/src/itkJointHistogramMutualInformationImageToImageMetricv4.h,Code/Registration/src/itkJointHistogramMutualInformationImageToImageMetricv4.h,Apache-2.0
Code/Registration/src/itkJointHistogramMutualInformationImageToImageMetricv4.hxx,Code/Registration/src/itkJointHistogramMutualInformationImageToImageMetricv4.hxx,Apache-2.0
Code/Registration/src/itkMatrixOffsetTransformBase.h,Code/Registration/src/itkMatrixOffsetTransformBase.h,Apache-2.0
Code/Registration/src/itkMattesMutualInformationImageToImageMetricv4.h,Code/Registration/src/itkMattesMutualInformationImageToImageMetricv4.h,Apache-2.0
Code/Registration/src/itkMattesMutualInformationImageToImageMetricv4.hxx,Code/Registration/src/itkMattesMutualInformationImageToImageMetricv4.hxx,Apache-2.0
Code/Registration/src/itkMattesMutualInformationImageToImageMetricv4GetValueAndDerivativeThreader.h,Code/Registration/src/itkMattesMutualInformationImageToImageMetricv4GetValueAndDerivativeThreader.h,Apache-2.0
Code/Registration/src/itkMeanSquaresImageToImageMetricv4.h,Code/Registration/src/itkMeanSquaresImageToImageMetricv4.h,Apache-2.0
Code/Registration/src/itkMeanSquaresImageToImageMetricv4.hxx,Code/Registration/src/itkMeanSquaresImageToImageMetricv4.hxx,Apache-2.0
Code/Registration/src/itkMeanSquaresImageToImageMetricv4GetValueAndDerivativeThreader.h,Code/Registration/src/itkMeanSquaresImageToImageMetricv4GetValueAndDerivativeThreader.h,Apache-2.0
Code/Registration/src/itkNeighborhoodAccessorFunctor.h,Code/Registration/src/itkNeighborhoodAccessorFunctor.h,Apache-2.0
Code/Registration/src/itkNormalVariateGenerator.h,Code/Registration/src/itkNormalVariateGenerator.h,Apache-2.0
Code/Registration/src/itkObjectFactory.h,Code/Registration/src/itkObjectFactory.h,Apache-2.0
Code/Registration/src/itkObjectToObjectMetricBase.h,Code/Registration/src/itkObjectToObjectMetricBase.h,Apache-2.0
Code/Registration/src/itkObjectToObjectMultiMetricv4.h,Code/Registration/src/itkObjectToObjectMultiMetricv4.h,Apache-2.0
Code/Registration/src/itkObjectToObjectOptimizerBase.h,Code/Registration/src/itkObjectToObjectOptimizerBase.h,Apache-2.0
Code/Registration/src/itkOptimizerParameterScalesEstimator.h,Code/Registration/src/itkOptimizerParameterScalesEstimator.h,Apache-2.0
Code/Registration/src/itkPoint.h,Code/Registration/src/itkPoint.h,Apache-2.0
Code/Registration/src/itkProcessObject.h,Code/Registration/src/itkProcessObject.h,Apache-2.0
Code/Registration/src/itkRandomVariateGeneratorBase.h,Code/Registration/src/itkRandomVariateGeneratorBase.h,Apache-2.0
Code/Registration/src/itkRegistrationParameterScalesEstimator.h,Code/Registration/src/itkRegistrationParameterScalesEstimator.h,Apache-2.0
Code/Registration/src/itkRegistrationParameterScalesFromIndexShift.h,Code/Registration/src/itkRegistrationParameterScalesFromIndexShift.h,Apache-2.0
Code/Registration/src/itkRegistrationParameterScalesFromIndexShift.hxx,Code/Registration/src/itkRegistrationParameterScalesFromIndexShift.hxx,Apache-2.0
Code/Registration/src/itkRegistrationParameterScalesFromJacobian.h,Code/Registration/src/itkRegistrationParameterScalesFromJacobian.h,Apache-2.0
Code/Registration/src/itkRegistrationParameterScalesFromJacobian.hxx,Code/Registration/src/itkRegistrationParameterScalesFromJacobian.hxx,Apache-2.0
Code/Registration/src/itkRegistrationParameterScalesFromPhysicalShift.h,Code/Registration/src/itkRegistrationParameterScalesFromPhysicalShift.h,Apache-2.0
Code/Registration/src/itkRegistrationParameterScalesFromPhysicalShift.hxx,Code/Registration/src/itkRegistrationParameterScalesFromPhysicalShift.hxx,Apache-2.0
Code/Registration/src/itkRegistrationParameterScalesFromShiftBase.h,Code/Registration/src/itkRegistrationParameterScalesFromShiftBase.h,Apache-2.0
Code/Registration/src/itkShrinkImageFilter.h,Code/Registration/src/itkShrinkImageFilter.h,Apache-2.0
Code/Registration/src/itkShrinkImageFilter.hxx,Code/Registration/src/itkShrinkImageFilter.hxx,Apache-2.0
Code/Registration/src/itkTransform.h,Code/Registration/src/itkTransform.h,Apache-2.0
Code/Registration/src/itkTransformParametersAdaptor.h,Code/Registration/src/itkTransformParametersAdaptor.h,Apache-2.0
Code/Registration/src/itkVectorInterpolateImageFunction.h,Code/Registration/src/itkVectorInterpolateImageFunction.h,Apache-2.0
Code/Registration/src/itkWeakPointer.h,Code/Registration/src/itkWeakPointer.h,Apache-2.0
Code/Registration/src/itkWindowConvergenceMonitoringFunction.h,Code/Registration/src/itkWindowConvergenceMonitoringFunction.h,Apache-2.0
Code/Registration/src/sitkImageRegistrationMethod.cxx,Code/Registration/src/sitkImageRegistrationMethod.cxx,autonomous
Code/Registration/src/sitkImageRegistrationMethod_CreateMetric.cxx,Code/Registration/src/sitkImageRegistrationMethod_CreateMetric.cxx,autonomous
Code/Registration/src/sitkImageRegistrationMethod_CreateMetric.hxx,Code/Registration/src/sitkImageRegistrationMethod_CreateMetric.hxx,autonomous
Code/Registration/src/sitkImageRegistrationMethod_CreateOptimizer.cxx,Code/Registration/src/sitkImageRegistrationMethod_CreateOptimizer.cxx,autonomous
Code/Registration/src/sitkImageRegistrationMethod_CreateParametersAdaptor.hxx,Code/Registration/src/sitkImageRegistrationMethod_CreateParametersAdaptor.hxx,autonomous
Examples/BufferImportExport.cxx,Examples/BufferImportExport.cxx,Apache-2.0
Examples/SimpleGaussianFunctional.cxx,Examples/SimpleGaussianFunctional.cxx,Apache-2.0
Examples/CppCMake/Source/sitk_example.cxx,Examples/CppCMake/Source/sitk_example.cxx,Apache-2.0
Examples/CppInPlace/CppInPlace.cxx,Examples/CppInPlace/CppInPlace.cxx,Apache-2.0
Examples/DemonsRegistration1/DemonsRegistration1.cxx,Examples/DemonsRegistration1/DemonsRegistration1.cxx,Apache-2.0
Examples/DemonsRegistration1/DemonsRegistration1.java,Examples/DemonsRegistration1/DemonsRegistration1.java,Apache-2.0
Examples/DemonsRegistration2/DemonsRegistration2.cxx,Examples/DemonsRegistration2/DemonsRegistration2.cxx,Apache-2.0
Examples/DemonsRegistration2/DemonsRegistration2.java,Examples/DemonsRegistration2/DemonsRegistration2.java,Apache-2.0
Examples/DicomConvert/DicomConvert.cxx,Examples/DicomConvert/DicomConvert.cxx,Apache-2.0
Examples/DicomConvert/DicomConvert.java,Examples/DicomConvert/DicomConvert.java,Apache-2.0
Examples/DicomImagePrintTags/DicomImagePrintTags.cxx,Examples/DicomImagePrintTags/DicomImagePrintTags.cxx,Apache-2.0
Examples/DicomImagePrintTags/DicomImagePrintTags.java,Examples/DicomImagePrintTags/DicomImagePrintTags.java,Apache-2.0
Examples/DicomSeriesFromArray/DicomSeriesFromArray.cxx,Examples/DicomSeriesFromArray/DicomSeriesFromArray.cxx,Apache-2.0
Examples/DicomSeriesFromArray/DicomSeriesFromArray.java,Examples/DicomSeriesFromArray/DicomSeriesFromArray.java,Apache-2.0
Examples/DicomSeriesReader/DicomSeriesReader.cxx,Examples/DicomSeriesReader/DicomSeriesReader.cxx,Apache-2.0
Examples/DicomSeriesReader/DicomSeriesReader.java,Examples/DicomSeriesReader/DicomSeriesReader.java,Apache-2.0
Examples/DicomSeriesReadModifyWrite/DicomSeriesReadModifySeriesWrite.cxx,Examples/DicomSeriesReadModifyWrite/DicomSeriesReadModifySeriesWrite.cxx,Apache-2.0
Examples/DicomSeriesReadModifyWrite/DicomSeriesReadModifySeriesWrite.java,Examples/DicomSeriesReadModifyWrite/DicomSeriesReadModifySeriesWrite.java,Apache-2.0
Examples/Elastix/elx.cxx,Examples/Elastix/elx.cxx,Apache-2.0
Examples/Elastix/tfx.cxx,Examples/Elastix/tfx.cxx,Apache-2.0
Examples/FastMarchingSegmentation/FastMarchingSegmentation.cxx,Examples/FastMarchingSegmentation/FastMarchingSegmentation.cxx,Apache-2.0
Examples/FilterProgressReporting/FilterProgressReporting.cxx,Examples/FilterProgressReporting/FilterProgressReporting.cxx,Apache-2.0
Examples/FilterProgressReporting/FilterProgressReporting.java,Examples/FilterProgressReporting/FilterProgressReporting.java,Apache-2.0
Examples/HelloWorld/HelloWorld.cxx,Examples/HelloWorld/HelloWorld.cxx,Apache-2.0
Examples/HelloWorld/HelloWorld.java,Examples/HelloWorld/HelloWorld.java,Apache-2.0
Examples/ImageGridManipulation/ImageGridManipulation.cxx,Examples/ImageGridManipulation/ImageGridManipulation.cxx,Apache-2.0
Examples/ImageGridManipulation/ImageGridManipulation.java,Examples/ImageGridManipulation/ImageGridManipulation.java,Apache-2.0
Examples/ImageIOSelection/ImageIOSelection.cxx,Examples/ImageIOSelection/ImageIOSelection.cxx,Apache-2.0
Examples/ImageIOSelection/ImageIOSelection.java,Examples/ImageIOSelection/ImageIOSelection.java,Apache-2.0
Examples/ImageRegistrationMethod1/ImageRegistrationMethod1.cxx,Examples/ImageRegistrationMethod1/ImageRegistrationMethod1.cxx,Apache-2.0
Examples/ImageRegistrationMethod1/ImageRegistrationMethod1.java,Examples/ImageRegistrationMethod1/ImageRegistrationMethod1.java,Apache-2.0
Examples/ImageRegistrationMethod2/ImageRegistrationMethod2.cxx,Examples/ImageRegistrationMethod2/ImageRegistrationMethod2.cxx,Apache-2.0
Examples/ImageRegistrationMethod2/ImageRegistrationMethod2.java,Examples/ImageRegistrationMethod2/ImageRegistrationMethod2.java,Apache-2.0
Examples/ImageRegistrationMethod3/ImageRegistrationMethod3.cxx,Examples/ImageRegistrationMethod3/ImageRegistrationMethod3.cxx,Apache-2.0
Examples/ImageRegistrationMethod3/ImageRegistrationMethod3.java,Examples/ImageRegistrationMethod3/ImageRegistrationMethod3.java,Apache-2.0
Examples/ImageRegistrationMethod4/ImageRegistrationMethod4.cxx,Examples/ImageRegistrationMethod4/ImageRegistrationMethod4.cxx,Apache-2.0
Examples/ImageRegistrationMethod4/ImageRegistrationMethod4.java,Examples/ImageRegistrationMethod4/ImageRegistrationMethod4.java,Apache-2.0
Examples/ImageRegistrationMethodBSpline1/ImageRegistrationMethodBSpline1.cxx,Examples/ImageRegistrationMethodBSpline1/ImageRegistrationMethodBSpline1.cxx,Apache-2.0
Examples/ImageRegistrationMethodBSpline1/ImageRegistrationMethodBSpline1.java,Examples/ImageRegistrationMethodBSpline1/ImageRegistrationMethodBSpline1.java,Apache-2.0
Examples/ImageRegistrationMethodBSpline2/ImageRegistrationMethodBSpline2.cxx,Examples/ImageRegistrationMethodBSpline2/ImageRegistrationMethodBSpline2.cxx,Apache-2.0
Examples/ImageRegistrationMethodBSpline2/ImageRegistrationMethodBSpline2.java,Examples/ImageRegistrationMethodBSpline2/ImageRegistrationMethodBSpline2.java,Apache-2.0
Examples/ImageRegistrationMethodBSpline3/ImageRegistrationMethodBSpline3.cxx,Examples/ImageRegistrationMethodBSpline3/ImageRegistrationMethodBSpline3.cxx,Apache-2.0
Examples/ImageRegistrationMethodBSpline3/ImageRegistrationMethodBSpline3.java,Examples/ImageRegistrationMethodBSpline3/ImageRegistrationMethodBSpline3.java,Apache-2.0
Examples/ImageRegistrationMethodDisplacement1/ImageRegistrationMethodDisplacement1.cxx,Examples/ImageRegistrationMethodDisplacement1/ImageRegistrationMethodDisplacement1.cxx,Apache-2.0
Examples/ImageRegistrationMethodDisplacement1/ImageRegistrationMethodDisplacement1.java,Examples/ImageRegistrationMethodDisplacement1/ImageRegistrationMethodDisplacement1.java,Apache-2.0
Examples/ImageRegistrationMethodExhaustive/ImageRegistrationMethodExhaustive.cxx,Examples/ImageRegistrationMethodExhaustive/ImageRegistrationMethodExhaustive.cxx,Apache-2.0
Examples/ImageRegistrationMethodExhaustive/ImageRegistrationMethodExhaustive.java,Examples/ImageRegistrationMethodExhaustive/ImageRegistrationMethodExhaustive.java,Apache-2.0
Examples/ImageRegistrationOptimizerWeights/ImageRegistrationOptimizerWeights.cxx,Examples/ImageRegistrationOptimizerWeights/ImageRegistrationOptimizerWeights.cxx,Apache-2.0
Examples/ImageRegistrationOptimizerWeights/ImageRegistrationOptimizerWeights.java,Examples/ImageRegistrationOptimizerWeights/ImageRegistrationOptimizerWeights.java,Apache-2.0
Examples/ITKIntegration/itkCurvatureFlowFunction.h,Examples/ITKIntegration/itkCurvatureFlowFunction.h,Apache-2.0
Examples/ITKIntegration/itkCurvatureFlowImageFilter.h,Examples/ITKIntegration/itkCurvatureFlowImageFilter.h,Apache-2.0
Examples/ITKIntegration/itkCurvatureFlowImageFilter.hxx,Examples/ITKIntegration/itkCurvatureFlowImageFilter.hxx,Apache-2.0
Examples/ITKIntegration/itkDefaultPixelAccessor.h,Examples/ITKIntegration/itkDefaultPixelAccessor.h,Apache-2.0
Examples/ITKIntegration/itkDefaultPixelAccessorFunctor.h,Examples/ITKIntegration/itkDefaultPixelAccessorFunctor.h,Apache-2.0
Examples/ITKIntegration/itkDenseFiniteDifferenceImageFilter.h,Examples/ITKIntegration/itkDenseFiniteDifferenceImageFilter.h,Apache-2.0
Examples/ITKIntegration/itkFixedArray.h,Examples/ITKIntegration/itkFixedArray.h,Apache-2.0
Examples/ITKIntegration/itkImage.h,Examples/ITKIntegration/itkImage.h,Apache-2.0
Examples/ITKIntegration/itkImage.hxx,Examples/ITKIntegration/itkImage.hxx,Apache-2.0
Examples/ITKIntegration/itkImageRegion.h,Examples/ITKIntegration/itkImageRegion.h,Apache-2.0
Examples/ITKIntegration/itkImportImageContainer.h,Examples/ITKIntegration/itkImportImageContainer.h,Apache-2.0
Examples/ITKIntegration/ITKIntegration.cxx,Examples/ITKIntegration/ITKIntegration.cxx,Apache-2.0
Examples/ITKIntegration/itkNeighborhoodAccessorFunctor.h,Examples/ITKIntegration/itkNeighborhoodAccessorFunctor.h,Apache-2.0
Examples/ITKIntegration/itkPoint.h,Examples/ITKIntegration/itkPoint.h,Apache-2.0
Examples/ITKIntegration/itkWeakPointer.h,Examples/ITKIntegration/itkWeakPointer.h,Apache-2.0
Examples/Java/ImageGetSetBuffer.java,Examples/Java/ImageGetSetBuffer.java,Apache-2.0
Examples/LandmarkRegistration/LandmarkRegistration.cxx,Examples/LandmarkRegistration/LandmarkRegistration.cxx,Apache-2.0
Examples/LandmarkRegistration/LandmarkRegistration.java,Examples/LandmarkRegistration/LandmarkRegistration.java,Apache-2.0
Examples/N4BiasFieldCorrection/N4BiasFieldCorrection.cxx,Examples/N4BiasFieldCorrection/N4BiasFieldCorrection.cxx,Apache-2.0
Examples/N4BiasFieldCorrection/N4BiasFieldCorrection.java,Examples/N4BiasFieldCorrection/N4BiasFieldCorrection.java,Apache-2.0
Examples/Segmentation/ConnectedThresholdImageFilter.cxx,Examples/Segmentation/ConnectedThresholdImageFilter.cxx,Apache-2.0
Examples/Segmentation/NeighborhoodConnectedImageFilter.cxx,Examples/Segmentation/NeighborhoodConnectedImageFilter.cxx,Apache-2.0
Examples/SimpleGaussian/SimpleGaussian.cxx,Examples/SimpleGaussian/SimpleGaussian.cxx,Apache-2.0
Examples/SimpleGaussian/SimpleGaussian.java,Examples/SimpleGaussian/SimpleGaussian.java,Apache-2.0
Examples/SimpleIO/SimpleIO.cxx,Examples/SimpleIO/SimpleIO.cxx,Apache-2.0
Examples/SimpleIO/SimpleIO.java,Examples/SimpleIO/SimpleIO.java,Apache-2.0
Examples/SliceBySliceDecorator/SliceBySliceDecorator.cxx,Examples/SliceBySliceDecorator/SliceBySliceDecorator.cxx,Apache-2.0
Testing/Unit/IOTests.cxx,Testing/Unit/IOTests.cxx,Apache-2.0
Testing/Unit/itkArray.h,Testing/Unit/itkArray.h,Apache-2.0
Testing/Unit/itkBarrier.h,Testing/Unit/itkBarrier.h,Apache-2.0
Testing/Unit/itkColormapFunction.h,Testing/Unit/itkColormapFunction.h,Apache-2.0
Testing/Unit/itkCommand.h,Testing/Unit/itkCommand.h,Apache-2.0
Testing/Unit/itkComplexConjugateImageAdaptor.h,Testing/Unit/itkComplexConjugateImageAdaptor.h,Apache-2.0
Testing/Unit/itkConceptChecking.h,Testing/Unit/itkConceptChecking.h,Apache-2.0
Testing/Unit/itkConnectedThresholdImageFilter.h,Testing/Unit/itkConnectedThresholdImageFilter.h,Apache-2.0
Testing/Unit/itkConnectedThresholdImageFilter.hxx,Testing/Unit/itkConnectedThresholdImageFilter.hxx,Apache-2.0
Testing/Unit/itkDefaultConvertPixelTraits.h,Testing/Unit/itkDefaultConvertPixelTraits.h,Apache-2.0
Testing/Unit/itkDefaultPixelAccessor.h,Testing/Unit/itkDefaultPixelAccessor.h,Apache-2.0
Testing/Unit/itkDefaultPixelAccessorFunctor.h,Testing/Unit/itkDefaultPixelAccessorFunctor.h,Apache-2.0
Testing/Unit/itkDefaultVectorPixelAccessor.h,Testing/Unit/itkDefaultVectorPixelAccessor.h,Apache-2.0
Testing/Unit/itkDefaultVectorPixelAccessorFunctor.h,Testing/Unit/itkDefaultVectorPixelAccessorFunctor.h,Apache-2.0
Testing/Unit/itkDiffeomorphicDemonsRegistrationFilter.h,Testing/Unit/itkDiffeomorphicDemonsRegistrationFilter.h,Apache-2.0
Testing/Unit/itkDiffeomorphicDemonsRegistrationFilter.hxx,Testing/Unit/itkDiffeomorphicDemonsRegistrationFilter.hxx,Apache-2.0
Testing/Unit/itkDiffusionTensor3D.h,Testing/Unit/itkDiffusionTensor3D.h,Apache-2.0
Testing/Unit/itkDivideOrZeroOutImageFilter.h,Testing/Unit/itkDivideOrZeroOutImageFilter.h,Apache-2.0
Testing/Unit/itkEnableIf.h,Testing/Unit/itkEnableIf.h,Apache-2.0
Testing/Unit/itkESMDemonsRegistrationFunction.h,Testing/Unit/itkESMDemonsRegistrationFunction.h,Apache-2.0
Testing/Unit/itkExceptionObject.h,Testing/Unit/itkExceptionObject.h,Apache-2.0
Testing/Unit/itkExponentialDisplacementFieldImageFilter.h,Testing/Unit/itkExponentialDisplacementFieldImageFilter.h,Apache-2.0
Testing/Unit/itkExtractImageFilter.h,Testing/Unit/itkExtractImageFilter.h,Apache-2.0
Testing/Unit/itkExtractImageFilter.hxx,Testing/Unit/itkExtractImageFilter.hxx,Apache-2.0
Testing/Unit/itkExtractImageFilterRegionCopier.h,Testing/Unit/itkExtractImageFilterRegionCopier.h,Apache-2.0
Testing/Unit/itkFastMarchingBase.h,Testing/Unit/itkFastMarchingBase.h,Apache-2.0
Testing/Unit/itkFastMarchingImageFilterBase.h,Testing/Unit/itkFastMarchingImageFilterBase.h,Apache-2.0
Testing/Unit/itkFastMarchingImageFilterBase.hxx,Testing/Unit/itkFastMarchingImageFilterBase.hxx,Apache-2.0
Testing/Unit/itkFastMutexLock.h,Testing/Unit/itkFastMutexLock.h,Apache-2.0
Testing/Unit/itkFastSymmetricForcesDemonsRegistrationFilter.h,Testing/Unit/itkFastSymmetricForcesDemonsRegistrationFilter.h,Apache-2.0
Testing/Unit/itkFastSymmetricForcesDemonsRegistrationFilter.hxx,Testing/Unit/itkFastSymmetricForcesDemonsRegistrationFilter.hxx,Apache-2.0
Testing/Unit/itkFFTConvolutionImageFilter.h,Testing/Unit/itkFFTConvolutionImageFilter.h,Apache-2.0
Testing/Unit/itkFixedArray.h,Testing/Unit/itkFixedArray.h,Apache-2.0
Testing/Unit/itkGaussianImageSource.h,Testing/Unit/itkGaussianImageSource.h,Apache-2.0
Testing/Unit/itkGaussianImageSource.hxx,Testing/Unit/itkGaussianImageSource.hxx,Apache-2.0
Testing/Unit/itkGenerateImageSource.h,Testing/Unit/itkGenerateImageSource.h,Apache-2.0
Testing/Unit/itkHashImageFilterTest.cxx,Testing/Unit/itkHashImageFilterTest.cxx,Apache-2.0
Testing/Unit/itkImage.h,Testing/Unit/itkImage.h,Apache-2.0
Testing/Unit/itkImage.hxx,Testing/Unit/itkImage.hxx,Apache-2.0
Testing/Unit/itkImageFileReader.h,Testing/Unit/itkImageFileReader.h,Apache-2.0
Testing/Unit/itkImageFileReader.hxx,Testing/Unit/itkImageFileReader.hxx,Apache-2.0
Testing/Unit/itkImageIOBase.h,Testing/Unit/itkImageIOBase.h,Apache-2.0
Testing/Unit/itkImageIterator.h,Testing/Unit/itkImageIterator.h,Apache-2.0
Testing/Unit/itkImageRegion.h,Testing/Unit/itkImageRegion.h,Apache-2.0
Testing/Unit/itkImageRegionConstIterator.h,Testing/Unit/itkImageRegionConstIterator.h,Apache-2.0
Testing/Unit/itkImageRegionConstIterator.hxx,Testing/Unit/itkImageRegionConstIterator.hxx,Apache-2.0
Testing/Unit/itkImageRegionConstIteratorWithIndex.h,Testing/Unit/itkImageRegionConstIteratorWithIndex.h,Apache-2.0
Testing/Unit/itkImageRegionIterator.h,Testing/Unit/itkImageRegionIterator.h,Apache-2.0
Testing/Unit/itkImageSource.h,Testing/Unit/itkImageSource.h,Apache-2.0
Testing/Unit/itkImageToImageFilter.h,Testing/Unit/itkImageToImageFilter.h,Apache-2.0
Testing/Unit/itkImportImageContainer.h,Testing/Unit/itkImportImageContainer.h,Apache-2.0
Testing/Unit/itkInPlaceImageFilter.h,Testing/Unit/itkInPlaceImageFilter.h,Apache-2.0
Testing/Unit/itkInPlaceLabelMapFilter.h,Testing/Unit/itkInPlaceLabelMapFilter.h,Apache-2.0
Testing/Unit/itkIntTypes.h,Testing/Unit/itkIntTypes.h,Apache-2.0
Testing/Unit/itkInverseDeconvolutionImageFilter.h,Testing/Unit/itkInverseDeconvolutionImageFilter.h,Apache-2.0
Testing/Unit/itkInverseDeconvolutionImageFilter.hxx,Testing/Unit/itkInverseDeconvolutionImageFilter.hxx,Apache-2.0
Testing/Unit/itkIsSame.h,Testing/Unit/itkIsSame.h,Apache-2.0
Testing/Unit/itkIterativeDeconvolutionImageFilter.h,Testing/Unit/itkIterativeDeconvolutionImageFilter.h,Apache-2.0
Testing/Unit/itkLabelMapContourOverlayImageFilter.h,Testing/Unit/itkLabelMapContourOverlayImageFilter.h,Apache-2.0
Testing/Unit/itkLabelMapContourOverlayImageFilter.hxx,Testing/Unit/itkLabelMapContourOverlayImageFilter.hxx,Apache-2.0
Testing/Unit/itkLabelMapFilter.h,Testing/Unit/itkLabelMapFilter.h,Apache-2.0
Testing/Unit/itkLabelOverlayFunctor.h,Testing/Unit/itkLabelOverlayFunctor.h,Apache-2.0
Testing/Unit/itkLandweberDeconvolutionImageFilter.h,Testing/Unit/itkLandweberDeconvolutionImageFilter.h,Apache-2.0
Testing/Unit/itkLandweberDeconvolutionImageFilter.hxx,Testing/Unit/itkLandweberDeconvolutionImageFilter.hxx,Apache-2.0
Testing/Unit/itkMacro.h,Testing/Unit/itkMacro.h,Apache-2.0
Testing/Unit/itkMath.h,Testing/Unit/itkMath.h,Apache-2.0
Testing/Unit/itkMathDetail.h,Testing/Unit/itkMathDetail.h,Apache-2.0
Testing/Unit/itkMatrix.h,Testing/Unit/itkMatrix.h,Apache-2.0
Testing/Unit/itkMergeLabelMapFilter.h,Testing/Unit/itkMergeLabelMapFilter.h,Apache-2.0
Testing/Unit/itkMergeLabelMapFilter.hxx,Testing/Unit/itkMergeLabelMapFilter.hxx,Apache-2.0
Testing/Unit/itkMetaDataDictionary.h,Testing/Unit/itkMetaDataDictionary.h,Apache-2.0
Testing/Unit/itkMetaDataObject.h,Testing/Unit/itkMetaDataObject.h,Apache-2.0
Testing/Unit/itkMetaDataObject.hxx,Testing/Unit/itkMetaDataObject.hxx,Apache-2.0
Testing/Unit/itkMultiplyImageFilter.h,Testing/Unit/itkMultiplyImageFilter.h,Apache-2.0
Testing/Unit/itkNeighborhoodAccessorFunctor.h,Testing/Unit/itkNeighborhoodAccessorFunctor.h,Apache-2.0
Testing/Unit/itkNeighborhoodAlgorithm.h,Testing/Unit/itkNeighborhoodAlgorithm.h,Apache-2.0
Testing/Unit/itkNeighborhoodIterator.h,Testing/Unit/itkNeighborhoodIterator.h,Apache-2.0
Testing/Unit/itkParametricImageSource.h,Testing/Unit/itkParametricImageSource.h,Apache-2.0
Testing/Unit/itkPatchBasedDenoisingBaseImageFilter.h,Testing/Unit/itkPatchBasedDenoisingBaseImageFilter.h,Apache-2.0
Testing/Unit/itkPatchBasedDenoisingImageFilter.h,Testing/Unit/itkPatchBasedDenoisingImageFilter.h,Apache-2.0
Testing/Unit/itkPatchBasedDenoisingImageFilter.hxx,Testing/Unit/itkPatchBasedDenoisingImageFilter.hxx,Apache-2.0
Testing/Unit/itkPDEDeformableRegistrationFilter.h,Testing/Unit/itkPDEDeformableRegistrationFilter.h,Apache-2.0
Testing/Unit/itkPhysicalPointImageSource.h,Testing/Unit/itkPhysicalPointImageSource.h,Apache-2.0
Testing/Unit/itkPhysicalPointImageSource.hxx,Testing/Unit/itkPhysicalPointImageSource.hxx,Apache-2.0
Testing/Unit/itkPoint.h,Testing/Unit/itkPoint.h,Apache-2.0
Testing/Unit/itkProjectedIterativeDeconvolutionImageFilter.h,Testing/Unit/itkProjectedIterativeDeconvolutionImageFilter.h,Apache-2.0
Testing/Unit/itkProjectedLandweberDeconvolutionImageFilter.h,Testing/Unit/itkProjectedLandweberDeconvolutionImageFilter.h,Apache-2.0
Testing/Unit/itkProjectedLandweberDeconvolutionImageFilter.hxx,Testing/Unit/itkProjectedLandweberDeconvolutionImageFilter.hxx,Apache-2.0
Testing/Unit/itkRecursiveGaussianImageFilter.h,Testing/Unit/itkRecursiveGaussianImageFilter.h,Apache-2.0
Testing/Unit/itkRecursiveGaussianImageFilter.hxx,Testing/Unit/itkRecursiveGaussianImageFilter.hxx,Apache-2.0
Testing/Unit/itkRecursiveSeparableImageFilter.h,Testing/Unit/itkRecursiveSeparableImageFilter.h,Apache-2.0
Testing/Unit/itkRegionConstrainedSubsampler.h,Testing/Unit/itkRegionConstrainedSubsampler.h,Apache-2.0
Testing/Unit/itkRGBAPixel.h,Testing/Unit/itkRGBAPixel.h,Apache-2.0
Testing/Unit/itkRGBPixel.h,Testing/Unit/itkRGBPixel.h,Apache-2.0
Testing/Unit/itkRichardsonLucyDeconvolutionImageFilter.h,Testing/Unit/itkRichardsonLucyDeconvolutionImageFilter.h,Apache-2.0
Testing/Unit/itkRichardsonLucyDeconvolutionImageFilter.hxx,Testing/Unit/itkRichardsonLucyDeconvolutionImageFilter.hxx,Apache-2.0
Testing/Unit/itkScalarToRGBColormapImageFilter.h,Testing/Unit/itkScalarToRGBColormapImageFilter.h,Apache-2.0
Testing/Unit/itkScalarToRGBColormapImageFilter.hxx,Testing/Unit/itkScalarToRGBColormapImageFilter.hxx,Apache-2.0
Testing/Unit/itkSimpleDataObjectDecorator.h,Testing/Unit/itkSimpleDataObjectDecorator.h,Apache-2.0
Testing/Unit/itkSize.h,Testing/Unit/itkSize.h,Apache-2.0
Testing/Unit/itkSliceImageFilterTest.cxx,Testing/Unit/itkSliceImageFilterTest.cxx,Apache-2.0
Testing/Unit/itkSmartPointer.h,Testing/Unit/itkSmartPointer.h,Apache-2.0
Testing/Unit/itkTernaryFunctorImageFilter.h,Testing/Unit/itkTernaryFunctorImageFilter.h,Apache-2.0
Testing/Unit/itkTikhonovDeconvolutionImageFilter.h,Testing/Unit/itkTikhonovDeconvolutionImageFilter.h,Apache-2.0
Testing/Unit/itkTikhonovDeconvolutionImageFilter.hxx,Testing/Unit/itkTikhonovDeconvolutionImageFilter.hxx,Apache-2.0
Testing/Unit/itkVector.h,Testing/Unit/itkVector.h,Apache-2.0
Testing/Unit/itkVector.hxx,Testing/Unit/itkVector.hxx,Apache-2.0
Testing/Unit/itkVectorImage.h,Testing/Unit/itkVectorImage.h,Apache-2.0
Testing/Unit/itkVectorImage.hxx,Testing/Unit/itkVectorImage.hxx,Apache-2.0
Testing/Unit/itkVectorImageNeighborhoodAccessorFunctor.h,Testing/Unit/itkVectorImageNeighborhoodAccessorFunctor.h,Apache-2.0
Testing/Unit/itkWeakPointer.h,Testing/Unit/itkWeakPointer.h,Apache-2.0
Testing/Unit/itkWienerDeconvolutionImageFilter.h,Testing/Unit/itkWienerDeconvolutionImageFilter.h,Apache-2.0
Testing/Unit/itkWienerDeconvolutionImageFilter.hxx,Testing/Unit/itkWienerDeconvolutionImageFilter.hxx,Apache-2.0
Testing/Unit/itkWin32Header.h,Testing/Unit/itkWin32Header.h,Apache-2.0
Testing/Unit/SimpleITKUnitTestDriver.cxx,Testing/Unit/SimpleITKUnitTestDriver.cxx,Apache-2.0
Testing/Unit/sitkBasicFiltersTests.cxx,Testing/Unit/sitkBasicFiltersTests.cxx,Apache-2.0
Testing/Unit/sitkCommonTests.cxx,Testing/Unit/sitkCommonTests.cxx,Apache-2.0
Testing/Unit/sitkDemonsRegistrationTests.cxx,Testing/Unit/sitkDemonsRegistrationTests.cxx,Apache-2.0
Testing/Unit/sitkElastixImageFilterTests.cxx,Testing/Unit/sitkElastixImageFilterTests.cxx,Apache-2.0
Testing/Unit/sitkExceptionsTests.cxx,Testing/Unit/sitkExceptionsTests.cxx,Apache-2.0
Testing/Unit/sitkImage4DTests.cxx,Testing/Unit/sitkImage4DTests.cxx,Apache-2.0
Testing/Unit/sitkImageIOTests.cxx,Testing/Unit/sitkImageIOTests.cxx,Apache-2.0
Testing/Unit/sitkImageRegistrationMethodTests.cxx,Testing/Unit/sitkImageRegistrationMethodTests.cxx,Apache-2.0
Testing/Unit/sitkImageTests.cxx,Testing/Unit/sitkImageTests.cxx,Apache-2.0
Testing/Unit/sitkImageViewerTest.cxx,Testing/Unit/sitkImageViewerTest.cxx,Apache-2.0
Testing/Unit/sitkImportImageTest.cxx,Testing/Unit/sitkImportImageTest.cxx,Apache-2.0
Testing/Unit/sitkLabelStatisticsTest.cxx,Testing/Unit/sitkLabelStatisticsTest.cxx,Apache-2.0
Testing/Unit/sitkOperatorTests.cxx,Testing/Unit/sitkOperatorTests.cxx,Apache-2.0
Testing/Unit/sitkParameterMapTests.cxx,Testing/Unit/sitkParameterMapTests.cxx,Apache-2.0
Testing/Unit/sitkShowTest.cxx,Testing/Unit/sitkShowTest.cxx,Apache-2.0
Testing/Unit/sitkSimpleITKFiltersTests.cxx,Testing/Unit/sitkSimpleITKFiltersTests.cxx,Apache-2.0
Testing/Unit/sitkSystemInformationTest.cxx,Testing/Unit/sitkSystemInformationTest.cxx,Apache-2.0
Testing/Unit/sitkTransformGeometryImageFilterTest.cxx,Testing/Unit/sitkTransformGeometryImageFilterTest.cxx,Apache-2.0
Testing/Unit/sitkTransformixImageFilterTests.cxx,Testing/Unit/sitkTransformixImageFilterTests.cxx,Apache-2.0
Testing/Unit/sitkTransformTests.cxx,Testing/Unit/sitkTransformTests.cxx,Apache-2.0
Testing/Unit/sitkTransformToDisplacementFieldFilterTest.cxx,Testing/Unit/sitkTransformToDisplacementFieldFilterTest.cxx,Apache-2.0
Testing/Unit/sitkTypeListsTests.cxx,Testing/Unit/sitkTypeListsTests.cxx,Apache-2.0
Testing/Unit/Java/sitkImageTests.java,Testing/Unit/Java/sitkImageTests.java,Apache-2.0
Testing/Unit/Java/sitkProcessObjectTest.java,Testing/Unit/Java/sitkProcessObjectTest.java,Apache-2.0
Testing/Unit/TestBase/SimpleITKTestHarness.cxx,Testing/Unit/TestBase/SimpleITKTestHarness.cxx,Apache-2.0
Testing/Unit/TestBase/SimpleITKTestHarness.h,Testing/Unit/TestBase/SimpleITKTestHarness.h,Apache-2.0
Testing/Unit/TestBase/sitkCompareDriver.cxx,Testing/Unit/TestBase/sitkCompareDriver.cxx,Apache-2.0
Testing/Unit/TestBase/sitkImageCompare.cxx,Testing/Unit/TestBase/sitkImageCompare.cxx,Apache-2.0
Testing/Unit/TestBase/sitkImageCompare.h,Testing/Unit/TestBase/sitkImageCompare.h,Apache-2.0
Testing/Unit/TestBase/sitkTransformCompare.cxx,Testing/Unit/TestBase/sitkTransformCompare.cxx,Apache-2.0
Testing/Unit/TestBase/sitkTransformCompare.h,Testing/Unit/TestBase/sitkTransformCompare.h,Apache-2.0
Wrapping/Lua/SimpleITKLuaMain.cxx,Wrapping/Lua/SimpleITKLuaMain.cxx,autonomous
Wrapping/Python/sitkNumpyArrayConversion.cxx,Wrapping/Python/sitkNumpyArrayConversion.cxx,autonomous
Wrapping/Python/sitkPyCommand.cxx,Wrapping/Python/sitkPyCommand.cxx,autonomous
Wrapping/Python/sitkPyCommand.h,Wrapping/Python/sitkPyCommand.h,autonomous
Wrapping/Python/sitkPython.h,Wrapping/Python/sitkPython.h,autonomous
Wrapping/R/sitkRArray.cxx,Wrapping/R/sitkRArray.cxx,autonomous
Wrapping/R/sitkRCommand.cxx,Wrapping/R/sitkRCommand.cxx,autonomous
Wrapping/R/sitkRCommand.h,Wrapping/R/sitkRCommand.h,autonomous
