src,dst
alias.c,alias.h
alias.c,bashansi.h
alias.c,command.h
alias.c,externs.h
alias.c,general.h
alias.c,include/chartypes.h
alias.c,pcomplete.h
alias.h,hashlib.h
alias.h,include/stdc.h
array.c,array.h
array.c,bashansi.h
array.c,builtins/common.h
array.c,shell.h
array.h,include/stdc.h
arrayfunc.c,bashintl.h
arrayfunc.c,builtins/common.h
arrayfunc.c,include/shmbutil.h
arrayfunc.c,pathexp.h
arrayfunc.c,shell.h
assoc.c,array.h
assoc.c,assoc.h
assoc.c,bashansi.h
assoc.c,builtins/common.h
assoc.c,shell.h
assoc.h,hashlib.h
assoc.h,include/stdc.h
bashhist.c,bashansi.h
bashhist.c,bashhist.h
bashhist.c,bashintl.h
bashhist.c,bashline.h
bashhist.c,bashtypes.h
bashhist.c,builtins/common.h
bashhist.c,flags.h
bashhist.c,include/filecntl.h
bashhist.c,input.h
bashhist.c,lib/glob/glob.h
bashhist.c,lib/glob/strmatch.h
bashhist.c,lib/readline/history.h
bashhist.c,parser.h
bashhist.c,pathexp.h
bashhist.c,shell.h
bashhist.h,include/stdc.h
bashintl.h,include/gettext.h
bashline.c,alias.h
bashline.c,bashansi.h
bashline.c,bashhist.h
bashline.c,bashintl.h
bashline.c,bashline.h
bashline.c,bashtypes.h
bashline.c,builtins.h
bashline.c,builtins/common.h
bashline.c,execute_cmd.h
bashline.c,findcmd.h
bashline.c,include/chartypes.h
bashline.c,include/shmbutil.h
bashline.c,input.h
bashline.c,lib/glob/glob.h
bashline.c,lib/readline/history.h
bashline.c,lib/readline/readline.h
bashline.c,lib/readline/rlconf.h
bashline.c,pathexp.h
bashline.c,pcomplete.h
bashline.c,shell.h
bashline.h,include/stdc.h
bracecomp.c,bashansi.h
bracecomp.c,include/shmbutil.h
bracecomp.c,lib/readline/readline.h
bracecomp.c,shell.h
braces.c,bashansi.h
braces.c,general.h
braces.c,include/chartypes.h
braces.c,include/shmbutil.h
braces.c,shell.h
builtins.h,alias.h
builtins.h,command.h
builtins.h,general.h
builtins/bashgetopt.c,bashansi.h
builtins/bashgetopt.c,builtins/common.h
builtins/bashgetopt.c,include/chartypes.h
builtins/bashgetopt.c,shell.h
builtins/bashgetopt.h,include/stdc.h
builtins/common.c,bashansi.h
builtins/common.c,bashhist.h
builtins/common.c,bashintl.h
builtins/common.c,bashtypes.h
builtins/common.c,builtins.h
builtins/common.c,builtins/bashgetopt.h
builtins/common.c,builtins/common.h
builtins/common.c,execute_cmd.h
builtins/common.c,flags.h
builtins/common.c,include/chartypes.h
builtins/common.c,include/maxpath.h
builtins/common.c,input.h
builtins/common.c,jobs.h
builtins/common.c,shell.h
builtins/common.c,trap.h
builtins/common.h,include/stdc.h
builtins/evalfile.c,bashansi.h
builtins/evalfile.c,bashhist.h
builtins/evalfile.c,bashintl.h
builtins/evalfile.c,bashtypes.h
builtins/evalfile.c,builtins.h
builtins/evalfile.c,builtins/common.h
builtins/evalfile.c,execute_cmd.h
builtins/evalfile.c,flags.h
builtins/evalfile.c,include/filecntl.h
builtins/evalfile.c,include/typemax.h
builtins/evalfile.c,input.h
builtins/evalfile.c,jobs.h
builtins/evalfile.c,shell.h
builtins/evalfile.c,trap.h
builtins/evalstring.c,bashansi.h
builtins/evalstring.c,bashhist.h
builtins/evalstring.c,bashintl.h
builtins/evalstring.c,builtins.h
builtins/evalstring.c,builtins/common.h
builtins/evalstring.c,execute_cmd.h
builtins/evalstring.c,flags.h
builtins/evalstring.c,include/filecntl.h
builtins/evalstring.c,input.h
builtins/evalstring.c,jobs.h
builtins/evalstring.c,redir.h
builtins/evalstring.c,shell.h
builtins/evalstring.c,trap.h
builtins/evalstring.c,y.tab.h
builtins/getopt.c,bashintl.h
builtins/getopt.c,builtins/getopt.h
builtins/getopt.c,include/memalloc.h
builtins/getopt.c,shell.h
builtins/getopt.h,include/stdc.h
builtins/mkbuiltins.c,bashansi.h
builtins/mkbuiltins.c,bashtypes.h
builtins/mkbuiltins.c,include/filecntl.h
builtins/mkbuiltins.c,include/stdc.h
builtins/psize.c,bashtypes.h
builtins/psize.c,command.h
builtins/psize.c,general.h
builtins/psize.c,sig.h
command.h,include/stdc.h
copy_cmd.c,bashtypes.h
copy_cmd.c,shell.h
dispose_cmd.c,bashansi.h
dispose_cmd.c,bashtypes.h
dispose_cmd.c,shell.h
dispose_cmd.h,include/stdc.h
error.c,bashansi.h
error.c,bashhist.h
error.c,bashintl.h
error.c,bashtypes.h
error.c,flags.h
error.c,input.h
error.c,shell.h
error.h,include/stdc.h
eval.c,bashansi.h
eval.c,bashhist.h
eval.c,bashintl.h
eval.c,builtins/common.h
eval.c,execute_cmd.h
eval.c,flags.h
eval.c,input.h
eval.c,shell.h
eval.c,trap.h
examples/loadables/basename.c,builtins.h
examples/loadables/basename.c,builtins/common.h
examples/loadables/basename.c,shell.h
examples/loadables/cat.c,builtins.h
examples/loadables/cat.c,shell.h
examples/loadables/cut.c,bashansi.h
examples/loadables/cut.c,builtins.h
examples/loadables/cut.c,builtins/bashgetopt.h
examples/loadables/cut.c,builtins/common.h
examples/loadables/cut.c,shell.h
examples/loadables/dirname.c,builtins.h
examples/loadables/dirname.c,builtins/common.h
examples/loadables/dirname.c,shell.h
examples/loadables/finfo.c,bashansi.h
examples/loadables/finfo.c,builtins.h
examples/loadables/finfo.c,builtins/common.h
examples/loadables/finfo.c,include/posixtime.h
examples/loadables/finfo.c,shell.h
examples/loadables/getconf.c,bashansi.h
examples/loadables/getconf.c,builtins.h
examples/loadables/getconf.c,builtins/bashgetopt.h
examples/loadables/getconf.c,builtins/common.h
examples/loadables/getconf.c,examples/loadables/getconf.h
examples/loadables/getconf.c,include/stdc.h
examples/loadables/getconf.c,include/typemax.h
examples/loadables/getconf.c,shell.h
examples/loadables/head.c,bashansi.h
examples/loadables/head.c,bashtypes.h
examples/loadables/head.c,builtins.h
examples/loadables/head.c,builtins/bashgetopt.h
examples/loadables/head.c,builtins/common.h
examples/loadables/head.c,include/chartypes.h
examples/loadables/head.c,include/filecntl.h
examples/loadables/head.c,shell.h
examples/loadables/hello.c,builtins.h
examples/loadables/hello.c,builtins/bashgetopt.h
examples/loadables/hello.c,shell.h
examples/loadables/id.c,bashansi.h
examples/loadables/id.c,bashtypes.h
examples/loadables/id.c,builtins.h
examples/loadables/id.c,builtins/bashgetopt.h
examples/loadables/id.c,builtins/common.h
examples/loadables/id.c,include/stdc.h
examples/loadables/id.c,shell.h
examples/loadables/ln.c,bashtypes.h
examples/loadables/ln.c,builtins.h
examples/loadables/ln.c,builtins/bashgetopt.h
examples/loadables/ln.c,builtins/common.h
examples/loadables/ln.c,shell.h
examples/loadables/logname.c,builtins.h
examples/loadables/logname.c,builtins/common.h
examples/loadables/logname.c,shell.h
examples/loadables/mkdir.c,bashansi.h
examples/loadables/mkdir.c,bashtypes.h
examples/loadables/mkdir.c,builtins.h
examples/loadables/mkdir.c,builtins/bashgetopt.h
examples/loadables/mkdir.c,builtins/common.h
examples/loadables/mkdir.c,shell.h
examples/loadables/mypid.c,builtins.h
examples/loadables/mypid.c,shell.h
examples/loadables/necho.c,builtins.h
examples/loadables/necho.c,shell.h
examples/loadables/pathchk.c,bashansi.h
examples/loadables/pathchk.c,builtins.h
examples/loadables/pathchk.c,builtins/bashgetopt.h
examples/loadables/pathchk.c,builtins/common.h
examples/loadables/pathchk.c,include/maxpath.h
examples/loadables/pathchk.c,include/stdc.h
examples/loadables/pathchk.c,shell.h
examples/loadables/perl/bperl.c,builtins.h
examples/loadables/perl/bperl.c,shell.h
examples/loadables/print.c,bashansi.h
examples/loadables/print.c,bashtypes.h
examples/loadables/print.c,builtins.h
examples/loadables/print.c,builtins/bashgetopt.h
examples/loadables/print.c,builtins/common.h
examples/loadables/print.c,include/stdc.h
examples/loadables/print.c,shell.h
examples/loadables/printenv.c,builtins.h
examples/loadables/printenv.c,builtins/bashgetopt.h
examples/loadables/printenv.c,builtins/common.h
examples/loadables/printenv.c,shell.h
examples/loadables/push.c,builtins.h
examples/loadables/push.c,builtins/bashgetopt.h
examples/loadables/push.c,builtins/common.h
examples/loadables/push.c,jobs.h
examples/loadables/push.c,shell.h
examples/loadables/realpath.c,bashansi.h
examples/loadables/realpath.c,builtins.h
examples/loadables/realpath.c,builtins/bashgetopt.h
examples/loadables/realpath.c,builtins/common.h
examples/loadables/realpath.c,include/maxpath.h
examples/loadables/realpath.c,shell.h
examples/loadables/rmdir.c,builtins.h
examples/loadables/rmdir.c,builtins/common.h
examples/loadables/rmdir.c,shell.h
examples/loadables/sleep.c,bashtypes.h
examples/loadables/sleep.c,builtins.h
examples/loadables/sleep.c,builtins/common.h
examples/loadables/sleep.c,include/chartypes.h
examples/loadables/sleep.c,shell.h
examples/loadables/strftime.c,bashtypes.h
examples/loadables/strftime.c,builtins.h
examples/loadables/strftime.c,builtins/common.h
examples/loadables/strftime.c,include/posixtime.h
examples/loadables/strftime.c,shell.h
examples/loadables/sync.c,builtins.h
examples/loadables/sync.c,builtins/bashgetopt.h
examples/loadables/sync.c,shell.h
examples/loadables/tee.c,bashansi.h
examples/loadables/tee.c,bashtypes.h
examples/loadables/tee.c,builtins.h
examples/loadables/tee.c,builtins/bashgetopt.h
examples/loadables/tee.c,builtins/common.h
examples/loadables/tee.c,include/filecntl.h
examples/loadables/tee.c,shell.h
examples/loadables/template.c,bashansi.h
examples/loadables/template.c,builtins.h
examples/loadables/template.c,builtins/bashgetopt.h
examples/loadables/template.c,shell.h
examples/loadables/truefalse.c,bashtypes.h
examples/loadables/truefalse.c,builtins.h
examples/loadables/truefalse.c,builtins/common.h
examples/loadables/truefalse.c,shell.h
examples/loadables/tty.c,builtins.h
examples/loadables/tty.c,builtins/bashgetopt.h
examples/loadables/tty.c,builtins/common.h
examples/loadables/tty.c,shell.h
examples/loadables/uname.c,bashtypes.h
examples/loadables/uname.c,builtins.h
examples/loadables/uname.c,builtins/bashgetopt.h
examples/loadables/uname.c,builtins/common.h
examples/loadables/uname.c,shell.h
examples/loadables/unlink.c,builtins.h
examples/loadables/unlink.c,builtins/common.h
examples/loadables/unlink.c,shell.h
examples/loadables/whoami.c,builtins.h
examples/loadables/whoami.c,builtins/bashgetopt.h
examples/loadables/whoami.c,builtins/common.h
examples/loadables/whoami.c,shell.h
execute_cmd.c,alias.h
execute_cmd.c,bashansi.h
execute_cmd.c,bashhist.h
execute_cmd.c,bashintl.h
execute_cmd.c,bashtypes.h
execute_cmd.c,builtins.h
execute_cmd.c,builtins/common.h
execute_cmd.c,execute_cmd.h
execute_cmd.c,findcmd.h
execute_cmd.c,flags.h
execute_cmd.c,hashcmd.h
execute_cmd.c,hashlib.h
execute_cmd.c,include/chartypes.h
execute_cmd.c,include/filecntl.h
execute_cmd.c,include/memalloc.h
execute_cmd.c,include/posixtime.h
execute_cmd.c,input.h
execute_cmd.c,jobs.h
execute_cmd.c,lib/glob/strmatch.h
execute_cmd.c,pathexp.h
execute_cmd.c,redir.h
execute_cmd.c,shell.h
execute_cmd.c,test.h
execute_cmd.c,trap.h
execute_cmd.c,y.tab.h
execute_cmd.h,include/stdc.h
expr.c,bashansi.h
expr.c,bashintl.h
expr.c,include/chartypes.h
expr.c,shell.h
externs.h,include/stdc.h
findcmd.c,bashansi.h
findcmd.c,bashtypes.h
findcmd.c,findcmd.h
findcmd.c,flags.h
findcmd.c,hashcmd.h
findcmd.c,hashlib.h
findcmd.c,include/chartypes.h
findcmd.c,include/filecntl.h
findcmd.c,include/memalloc.h
findcmd.c,pathexp.h
findcmd.c,shell.h
findcmd.h,include/stdc.h
flags.c,bashhist.h
flags.c,flags.h
flags.c,shell.h
flags.h,include/stdc.h
general.c,bashansi.h
general.c,bashintl.h
general.c,bashtypes.h
general.c,include/chartypes.h
general.c,include/filecntl.h
general.c,shell.h
general.c,test.h
general.h,bashtypes.h
general.h,include/chartypes.h
general.h,include/stdc.h
general.h,xmalloc.h
hashcmd.c,bashansi.h
hashcmd.c,bashtypes.h
hashcmd.c,findcmd.h
hashcmd.c,hashcmd.h
hashcmd.c,shell.h
hashcmd.h,hashlib.h
hashcmd.h,include/stdc.h
hashlib.c,bashansi.h
hashlib.c,hashlib.h
hashlib.c,shell.h
hashlib.h,include/stdc.h
include/posixdir.h,lib/glob/ndir.h
include/posixwait.h,include/unionwait.h
include/shmbutil.h,include/shmbchar.h
include/shmbutil.h,include/stdc.h
include/shtty.h,include/stdc.h
include/systimes.h,include/stdc.h
input.c,bashansi.h
input.c,bashintl.h
input.c,bashtypes.h
input.c,command.h
input.c,error.h
input.c,externs.h
input.c,general.h
input.c,include/filecntl.h
input.c,input.h
input.c,quit.h
input.h,include/stdc.h
jobs.c,bashansi.h
jobs.c,bashintl.h
jobs.c,bashtypes.h
jobs.c,builtins/common.h
jobs.c,execute_cmd.h
jobs.c,flags.h
jobs.c,include/filecntl.h
jobs.c,include/posixtime.h
jobs.c,include/shtty.h
jobs.c,input.h
jobs.c,jobs.h
jobs.c,shell.h
jobs.c,trap.h
jobs.h,include/posixwait.h
jobs.h,include/stdc.h
jobs.h,quit.h
jobs.h,siglist.h
lib/glob/glob.c,bashansi.h
lib/glob/glob.c,bashtypes.h
lib/glob/glob.c,include/filecntl.h
lib/glob/glob.c,include/memalloc.h
lib/glob/glob.c,include/shmbutil.h
lib/glob/glob.c,include/stdc.h
lib/glob/glob.c,lib/glob/glob.h
lib/glob/glob.c,lib/glob/glob_loop.c
lib/glob/glob.c,lib/glob/strmatch.h
lib/glob/glob.c,shell.h
lib/glob/glob.h,include/stdc.h
lib/glob/gmisc.c,bashansi.h
lib/glob/gmisc.c,bashtypes.h
lib/glob/gmisc.c,include/shmbutil.h
lib/glob/gmisc.c,include/stdc.h
lib/glob/smatch.c,bashansi.h
lib/glob/smatch.c,include/chartypes.h
lib/glob/smatch.c,include/shmbutil.h
lib/glob/smatch.c,lib/glob/collsyms.h
lib/glob/smatch.c,lib/glob/sm_loop.c
lib/glob/smatch.c,lib/glob/strmatch.h
lib/glob/strmatch.c,include/stdc.h
lib/glob/strmatch.c,lib/glob/strmatch.h
lib/glob/strmatch.h,include/stdc.h
lib/glob/xmbsrtowcs.c,bashansi.h
lib/glob/xmbsrtowcs.c,include/shmbutil.h
lib/intl/bindtextdom.c,lib/intl/gettextP.h
lib/intl/dcgettext.c,lib/intl/gettextP.h
lib/intl/dcigettext.c,lib/intl/eval-plural.h
lib/intl/dcigettext.c,lib/intl/gettextP.h
lib/intl/dcigettext.c,lib/intl/hash-string.h
lib/intl/dcigettext.c,lib/intl/plural-exp.h
lib/intl/dcngettext.c,lib/intl/gettextP.h
lib/intl/dgettext.c,lib/intl/gettextP.h
lib/intl/dngettext.c,lib/intl/gettextP.h
lib/intl/explodename.c,lib/intl/loadinfo.h
lib/intl/finddomain.c,lib/intl/gettextP.h
lib/intl/gettext.c,lib/intl/gettextP.h
lib/intl/gettextP.h,lib/intl/gmo.h
lib/intl/gettextP.h,lib/intl/loadinfo.h
lib/intl/intl-compat.c,lib/intl/gettextP.h
lib/intl/l10nflist.c,lib/intl/loadinfo.h
lib/intl/loadmsgcat.c,lib/intl/gettextP.h
lib/intl/loadmsgcat.c,lib/intl/gmo.h
lib/intl/loadmsgcat.c,lib/intl/hash-string.h
lib/intl/loadmsgcat.c,lib/intl/plural-exp.h
lib/intl/localcharset.c,lib/intl/localcharset.h
lib/intl/localcharset.c,lib/intl/relocatable.h
lib/intl/localealias.c,lib/intl/gettextP.h
lib/intl/localealias.c,lib/intl/relocatable.h
lib/intl/ngettext.c,lib/intl/gettextP.h
lib/intl/osdep.c,lib/intl/os2compat.c
lib/intl/plural-exp.c,lib/intl/plural-exp.h
lib/intl/plural.c,lib/intl/plural-exp.h
lib/intl/relocatable.c,lib/intl/relocatable.h
lib/intl/textdomain.c,lib/intl/gettextP.h
lib/malloc/alloca.c,bashtypes.h
lib/malloc/imalloc.h,bashintl.h
lib/malloc/malloc.c,bashtypes.h
lib/malloc/malloc.c,include/stdc.h
lib/malloc/malloc.c,lib/malloc/getpagesize.h
lib/malloc/malloc.c,lib/malloc/imalloc.h
lib/malloc/malloc.c,lib/malloc/mstats.h
lib/malloc/malloc.c,lib/malloc/table.h
lib/malloc/malloc.c,lib/malloc/watch.h
lib/malloc/mstats.h,lib/malloc/imalloc.h
lib/malloc/stats.c,lib/malloc/imalloc.h
lib/malloc/stats.c,lib/malloc/mstats.h
lib/malloc/table.c,lib/malloc/imalloc.h
lib/malloc/table.c,lib/malloc/table.h
lib/malloc/table.h,lib/malloc/imalloc.h
lib/malloc/trace.c,lib/malloc/imalloc.h
lib/malloc/watch.c,lib/malloc/imalloc.h
lib/malloc/watch.c,lib/malloc/watch.h
lib/malloc/watch.h,lib/malloc/imalloc.h
lib/readline/bind.c,lib/readline/ansi_stdlib.h
lib/readline/bind.c,lib/readline/history.h
lib/readline/bind.c,lib/readline/posixstat.h
lib/readline/bind.c,lib/readline/readline.h
lib/readline/bind.c,lib/readline/rldefs.h
lib/readline/bind.c,lib/readline/rlprivate.h
lib/readline/bind.c,lib/readline/rlshell.h
lib/readline/bind.c,lib/readline/xmalloc.h
lib/readline/callback.c,lib/readline/ansi_stdlib.h
lib/readline/callback.c,lib/readline/readline.h
lib/readline/callback.c,lib/readline/rlconf.h
lib/readline/callback.c,lib/readline/rldefs.h
lib/readline/callback.c,lib/readline/rlprivate.h
lib/readline/callback.c,lib/readline/xmalloc.h
lib/readline/compat.c,lib/readline/rlstdc.h
lib/readline/compat.c,lib/readline/rltypedefs.h
lib/readline/complete.c,lib/readline/ansi_stdlib.h
lib/readline/complete.c,lib/readline/posixdir.h
lib/readline/complete.c,lib/readline/posixstat.h
lib/readline/complete.c,lib/readline/readline.h
lib/readline/complete.c,lib/readline/rldefs.h
lib/readline/complete.c,lib/readline/rlmbutil.h
lib/readline/complete.c,lib/readline/rlprivate.h
lib/readline/complete.c,lib/readline/xmalloc.h
lib/readline/display.c,lib/readline/ansi_stdlib.h
lib/readline/display.c,lib/readline/history.h
lib/readline/display.c,lib/readline/posixstat.h
lib/readline/display.c,lib/readline/readline.h
lib/readline/display.c,lib/readline/rldefs.h
lib/readline/display.c,lib/readline/rlmbutil.h
lib/readline/display.c,lib/readline/rlprivate.h
lib/readline/display.c,lib/readline/tcap.h
lib/readline/display.c,lib/readline/xmalloc.h
lib/readline/emacs_keymap.c,lib/readline/readline.h
lib/readline/examples/excallback.c,lib/readline/readline.h
lib/readline/examples/fileman.c,lib/readline/history.h
lib/readline/examples/fileman.c,lib/readline/readline.h
lib/readline/examples/histexamp.c,lib/readline/history.h
lib/readline/examples/manexamp.c,lib/readline/readline.h
lib/readline/examples/rl.c,lib/readline/history.h
lib/readline/examples/rl.c,lib/readline/readline.h
lib/readline/examples/rlcat.c,lib/readline/history.h
lib/readline/examples/rlcat.c,lib/readline/readline.h
lib/readline/examples/rltest.c,lib/readline/history.h
lib/readline/examples/rltest.c,lib/readline/readline.h
lib/readline/funmap.c,lib/readline/ansi_stdlib.h
lib/readline/funmap.c,lib/readline/readline.h
lib/readline/funmap.c,lib/readline/rlconf.h
lib/readline/funmap.c,lib/readline/xmalloc.h
lib/readline/histexpand.c,lib/readline/ansi_stdlib.h
lib/readline/histexpand.c,lib/readline/histlib.h
lib/readline/histexpand.c,lib/readline/history.h
lib/readline/histexpand.c,lib/readline/rlmbutil.h
lib/readline/histexpand.c,lib/readline/rlshell.h
lib/readline/histexpand.c,lib/readline/xmalloc.h
lib/readline/histfile.c,lib/readline/ansi_stdlib.h
lib/readline/histfile.c,lib/readline/histlib.h
lib/readline/histfile.c,lib/readline/history.h
lib/readline/histfile.c,lib/readline/posixstat.h
lib/readline/histfile.c,lib/readline/rlshell.h
lib/readline/histfile.c,lib/readline/xmalloc.h
lib/readline/history.c,lib/readline/ansi_stdlib.h
lib/readline/history.c,lib/readline/histlib.h
lib/readline/history.c,lib/readline/history.h
lib/readline/history.c,lib/readline/xmalloc.h
lib/readline/history.h,lib/readline/rlstdc.h
lib/readline/history.h,lib/readline/rltypedefs.h
lib/readline/histsearch.c,lib/readline/ansi_stdlib.h
lib/readline/histsearch.c,lib/readline/histlib.h
lib/readline/histsearch.c,lib/readline/history.h
lib/readline/input.c,lib/readline/ansi_stdlib.h
lib/readline/input.c,lib/readline/posixselect.h
lib/readline/input.c,lib/readline/readline.h
lib/readline/input.c,lib/readline/rldefs.h
lib/readline/input.c,lib/readline/rlmbutil.h
lib/readline/input.c,lib/readline/rlprivate.h
lib/readline/input.c,lib/readline/rlshell.h
lib/readline/input.c,lib/readline/xmalloc.h
lib/readline/isearch.c,lib/readline/ansi_stdlib.h
lib/readline/isearch.c,lib/readline/history.h
lib/readline/isearch.c,lib/readline/readline.h
lib/readline/isearch.c,lib/readline/rldefs.h
lib/readline/isearch.c,lib/readline/rlmbutil.h
lib/readline/isearch.c,lib/readline/rlprivate.h
lib/readline/isearch.c,lib/readline/xmalloc.h
lib/readline/keymaps.c,lib/readline/ansi_stdlib.h
lib/readline/keymaps.c,lib/readline/emacs_keymap.c
lib/readline/keymaps.c,lib/readline/readline.h
lib/readline/keymaps.c,lib/readline/rlconf.h
lib/readline/keymaps.c,lib/readline/vi_keymap.c
lib/readline/keymaps.c,lib/readline/xmalloc.h
lib/readline/keymaps.h,lib/readline/chardefs.h
lib/readline/keymaps.h,lib/readline/rlstdc.h
lib/readline/keymaps.h,lib/readline/rltypedefs.h
lib/readline/kill.c,lib/readline/ansi_stdlib.h
lib/readline/kill.c,lib/readline/history.h
lib/readline/kill.c,lib/readline/readline.h
lib/readline/kill.c,lib/readline/rldefs.h
lib/readline/kill.c,lib/readline/rlprivate.h
lib/readline/kill.c,lib/readline/xmalloc.h
lib/readline/macro.c,lib/readline/ansi_stdlib.h
lib/readline/macro.c,lib/readline/history.h
lib/readline/macro.c,lib/readline/readline.h
lib/readline/macro.c,lib/readline/rldefs.h
lib/readline/macro.c,lib/readline/rlprivate.h
lib/readline/macro.c,lib/readline/xmalloc.h
lib/readline/mbutil.c,lib/readline/ansi_stdlib.h
lib/readline/mbutil.c,lib/readline/posixjmp.h
lib/readline/mbutil.c,lib/readline/readline.h
lib/readline/mbutil.c,lib/readline/rldefs.h
lib/readline/mbutil.c,lib/readline/rlmbutil.h
lib/readline/mbutil.c,lib/readline/rlprivate.h
lib/readline/mbutil.c,lib/readline/xmalloc.h
lib/readline/misc.c,lib/readline/ansi_stdlib.h
lib/readline/misc.c,lib/readline/history.h
lib/readline/misc.c,lib/readline/readline.h
lib/readline/misc.c,lib/readline/rldefs.h
lib/readline/misc.c,lib/readline/rlmbutil.h
lib/readline/misc.c,lib/readline/rlprivate.h
lib/readline/misc.c,lib/readline/rlshell.h
lib/readline/misc.c,lib/readline/xmalloc.h
lib/readline/nls.c,lib/readline/ansi_stdlib.h
lib/readline/nls.c,lib/readline/readline.h
lib/readline/nls.c,lib/readline/rldefs.h
lib/readline/nls.c,lib/readline/rlprivate.h
lib/readline/nls.c,lib/readline/rlshell.h
lib/readline/parens.c,lib/readline/posixselect.h
lib/readline/parens.c,lib/readline/readline.h
lib/readline/parens.c,lib/readline/rlconf.h
lib/readline/parens.c,lib/readline/rlprivate.h
lib/readline/posixdir.h,lib/glob/ndir.h
lib/readline/readline.c,lib/readline/ansi_stdlib.h
lib/readline/readline.c,lib/readline/history.h
lib/readline/readline.c,lib/readline/posixjmp.h
lib/readline/readline.c,lib/readline/posixstat.h
lib/readline/readline.c,lib/readline/readline.h
lib/readline/readline.c,lib/readline/rldefs.h
lib/readline/readline.c,lib/readline/rlmbutil.h
lib/readline/readline.c,lib/readline/rlprivate.h
lib/readline/readline.c,lib/readline/rlshell.h
lib/readline/readline.c,lib/readline/xmalloc.h
lib/readline/readline.h,lib/readline/keymaps.h
lib/readline/readline.h,lib/readline/rlstdc.h
lib/readline/readline.h,lib/readline/rltypedefs.h
lib/readline/readline.h,lib/readline/tilde.h
lib/readline/rldefs.h,lib/readline/rlconf.h
lib/readline/rldefs.h,lib/readline/rlstdc.h
lib/readline/rlmbutil.h,lib/readline/rlstdc.h
lib/readline/rlprivate.h,lib/readline/posixjmp.h
lib/readline/rlprivate.h,lib/readline/rlconf.h
lib/readline/rlprivate.h,lib/readline/rlstdc.h
lib/readline/rlshell.h,lib/readline/rlstdc.h
lib/readline/rltty.c,lib/readline/readline.h
lib/readline/rltty.c,lib/readline/rldefs.h
lib/readline/rltty.c,lib/readline/rlprivate.h
lib/readline/rltty.c,lib/readline/rltty.h
lib/readline/rltty.h,lib/readline/rlwinsize.h
lib/readline/savestring.c,lib/readline/xmalloc.h
lib/readline/search.c,lib/readline/ansi_stdlib.h
lib/readline/search.c,lib/readline/history.h
lib/readline/search.c,lib/readline/readline.h
lib/readline/search.c,lib/readline/rldefs.h
lib/readline/search.c,lib/readline/rlmbutil.h
lib/readline/search.c,lib/readline/rlprivate.h
lib/readline/search.c,lib/readline/xmalloc.h
lib/readline/shell.c,lib/readline/ansi_stdlib.h
lib/readline/shell.c,lib/readline/rlshell.h
lib/readline/shell.c,lib/readline/rlstdc.h
lib/readline/shell.c,lib/readline/xmalloc.h
lib/readline/signals.c,lib/readline/history.h
lib/readline/signals.c,lib/readline/readline.h
lib/readline/signals.c,lib/readline/rldefs.h
lib/readline/signals.c,lib/readline/rlprivate.h
lib/readline/tcap.h,lib/readline/rltty.h
lib/readline/tcap.h,lib/termcap/termcap.h
lib/readline/terminal.c,lib/readline/ansi_stdlib.h
lib/readline/terminal.c,lib/readline/history.h
lib/readline/terminal.c,lib/readline/posixstat.h
lib/readline/terminal.c,lib/readline/readline.h
lib/readline/terminal.c,lib/readline/rldefs.h
lib/readline/terminal.c,lib/readline/rlprivate.h
lib/readline/terminal.c,lib/readline/rlshell.h
lib/readline/terminal.c,lib/readline/rltty.h
lib/readline/terminal.c,lib/readline/tcap.h
lib/readline/terminal.c,lib/readline/xmalloc.h
lib/readline/text.c,lib/readline/ansi_stdlib.h
lib/readline/text.c,lib/readline/history.h
lib/readline/text.c,lib/readline/readline.h
lib/readline/text.c,lib/readline/rldefs.h
lib/readline/text.c,lib/readline/rlmbutil.h
lib/readline/text.c,lib/readline/rlprivate.h
lib/readline/text.c,lib/readline/rlshell.h
lib/readline/text.c,lib/readline/xmalloc.h
lib/readline/tilde.c,lib/readline/ansi_stdlib.h
lib/readline/tilde.c,lib/readline/tilde.h
lib/readline/tilde.c,lib/readline/xmalloc.h
lib/readline/undo.c,lib/readline/ansi_stdlib.h
lib/readline/undo.c,lib/readline/history.h
lib/readline/undo.c,lib/readline/readline.h
lib/readline/undo.c,lib/readline/rldefs.h
lib/readline/undo.c,lib/readline/rlprivate.h
lib/readline/undo.c,lib/readline/xmalloc.h
lib/readline/util.c,lib/readline/ansi_stdlib.h
lib/readline/util.c,lib/readline/posixjmp.h
lib/readline/util.c,lib/readline/readline.h
lib/readline/util.c,lib/readline/rldefs.h
lib/readline/util.c,lib/readline/rlmbutil.h
lib/readline/util.c,lib/readline/rlprivate.h
lib/readline/util.c,lib/readline/xmalloc.h
lib/readline/vi_keymap.c,lib/readline/readline.h
lib/readline/vi_mode.c,lib/readline/ansi_stdlib.h
lib/readline/vi_mode.c,lib/readline/history.h
lib/readline/vi_mode.c,lib/readline/readline.h
lib/readline/vi_mode.c,lib/readline/rlconf.h
lib/readline/vi_mode.c,lib/readline/rldefs.h
lib/readline/vi_mode.c,lib/readline/rlmbutil.h
lib/readline/vi_mode.c,lib/readline/rlprivate.h
lib/readline/vi_mode.c,lib/readline/xmalloc.h
lib/readline/xfree.c,lib/readline/ansi_stdlib.h
lib/readline/xfree.c,lib/readline/xmalloc.h
lib/readline/xmalloc.c,lib/readline/ansi_stdlib.h
lib/readline/xmalloc.c,lib/readline/xmalloc.h
lib/readline/xmalloc.h,lib/readline/rlstdc.h
lib/sh/casemod.c,bashansi.h
lib/sh/casemod.c,bashintl.h
lib/sh/casemod.c,bashtypes.h
lib/sh/casemod.c,include/chartypes.h
lib/sh/casemod.c,include/shmbutil.h
lib/sh/casemod.c,include/stdc.h
lib/sh/casemod.c,lib/glob/strmatch.h
lib/sh/clktck.c,bashtypes.h
lib/sh/clock.c,include/posixtime.h
lib/sh/clock.c,include/stdc.h
lib/sh/dprintf.c,include/stdc.h
lib/sh/eaccess.c,bashansi.h
lib/sh/eaccess.c,bashtypes.h
lib/sh/eaccess.c,include/filecntl.h
lib/sh/eaccess.c,shell.h
lib/sh/fmtullong.c,lib/sh/fmtulong.c
lib/sh/fmtulong.c,bashansi.h
lib/sh/fmtulong.c,bashintl.h
lib/sh/fmtulong.c,include/chartypes.h
lib/sh/fmtulong.c,include/stdc.h
lib/sh/fmtulong.c,include/typemax.h
lib/sh/fmtumax.c,lib/sh/fmtulong.c
lib/sh/fnxform.c,bashansi.h
lib/sh/fnxform.c,bashintl.h
lib/sh/fnxform.c,bashtypes.h
lib/sh/fnxform.c,include/stdc.h
lib/sh/fpurge.c,include/stdc.h
lib/sh/getcwd.c,bashansi.h
lib/sh/getcwd.c,bashtypes.h
lib/sh/getcwd.c,command.h
lib/sh/getcwd.c,externs.h
lib/sh/getcwd.c,general.h
lib/sh/getcwd.c,include/maxpath.h
lib/sh/getcwd.c,include/memalloc.h
lib/sh/getenv.c,bashansi.h
lib/sh/getenv.c,shell.h
lib/sh/inet_aton.c,bashansi.h
lib/sh/inet_aton.c,include/stdc.h
lib/sh/input_avail.c,bashansi.h
lib/sh/itos.c,bashansi.h
lib/sh/itos.c,shell.h
lib/sh/mailstat.c,bashansi.h
lib/sh/mailstat.c,bashtypes.h
lib/sh/mailstat.c,include/maxpath.h
lib/sh/makepath.c,bashansi.h
lib/sh/makepath.c,shell.h
lib/sh/mbschr.c,bashansi.h
lib/sh/mbschr.c,include/shmbutil.h
lib/sh/mktime.c,bashansi.h
lib/sh/netconn.c,bashtypes.h
lib/sh/netconn.c,include/filecntl.h
lib/sh/netopen.c,bashansi.h
lib/sh/netopen.c,bashintl.h
lib/sh/netopen.c,shell.h
lib/sh/oslib.c,bashansi.h
lib/sh/oslib.c,bashtypes.h
lib/sh/oslib.c,include/chartypes.h
lib/sh/oslib.c,include/filecntl.h
lib/sh/oslib.c,shell.h
lib/sh/pathcanon.c,bashansi.h
lib/sh/pathcanon.c,bashtypes.h
lib/sh/pathcanon.c,include/chartypes.h
lib/sh/pathcanon.c,include/filecntl.h
lib/sh/pathcanon.c,shell.h
lib/sh/pathphys.c,bashansi.h
lib/sh/pathphys.c,bashtypes.h
lib/sh/pathphys.c,include/chartypes.h
lib/sh/pathphys.c,include/filecntl.h
lib/sh/pathphys.c,shell.h
lib/sh/rename.c,bashtypes.h
lib/sh/rename.c,include/stdc.h
lib/sh/shmatch.c,bashansi.h
lib/sh/shmatch.c,externs.h
lib/sh/shmatch.c,shell.h
lib/sh/shmatch.c,variables.h
lib/sh/shmbchar.c,include/shmbchar.h
lib/sh/shmbchar.c,include/shmbutil.h
lib/sh/shquote.c,syntax.h
lib/sh/shtty.c,include/shtty.h
lib/sh/snprintf.c,bashansi.h
lib/sh/snprintf.c,bashtypes.h
lib/sh/snprintf.c,include/chartypes.h
lib/sh/snprintf.c,include/shmbutil.h
lib/sh/snprintf.c,include/stdc.h
lib/sh/snprintf.c,include/typemax.h
lib/sh/snprintf.c,shell.h
lib/sh/spell.c,bashansi.h
lib/sh/spell.c,bashtypes.h
lib/sh/spell.c,include/maxpath.h
lib/sh/spell.c,include/stdc.h
lib/sh/strcasecmp.c,bashansi.h
lib/sh/strcasecmp.c,include/chartypes.h
lib/sh/strcasecmp.c,include/stdc.h
lib/sh/strcasestr.c,bashansi.h
lib/sh/strcasestr.c,include/chartypes.h
lib/sh/strcasestr.c,include/stdc.h
lib/sh/strerror.c,bashtypes.h
lib/sh/strerror.c,shell.h
lib/sh/stringlist.c,bashansi.h
lib/sh/stringlist.c,shell.h
lib/sh/stringvec.c,bashansi.h
lib/sh/stringvec.c,bashtypes.h
lib/sh/stringvec.c,include/chartypes.h
lib/sh/stringvec.c,shell.h
lib/sh/strnlen.c,include/stdc.h
lib/sh/strpbrk.c,include/stdc.h
lib/sh/strtod.c,bashansi.h
lib/sh/strtod.c,include/chartypes.h
lib/sh/strtoimax.c,include/stdc.h
lib/sh/strtol.c,bashansi.h
lib/sh/strtol.c,include/chartypes.h
lib/sh/strtol.c,include/stdc.h
lib/sh/strtol.c,include/typemax.h
lib/sh/strtoll.c,lib/sh/strtol.c
lib/sh/strtoul.c,lib/sh/strtol.c
lib/sh/strtoull.c,lib/sh/strtol.c
lib/sh/strtoumax.c,include/stdc.h
lib/sh/strtrans.c,bashansi.h
lib/sh/strtrans.c,include/chartypes.h
lib/sh/strtrans.c,shell.h
lib/sh/times.c,include/posixtime.h
lib/sh/times.c,include/systimes.h
lib/sh/timeval.c,include/posixtime.h
lib/sh/tmpfile.c,bashtypes.h
lib/sh/tmpfile.c,include/filecntl.h
lib/sh/tmpfile.c,include/posixtime.h
lib/sh/tmpfile.c,shell.h
lib/sh/uconvert.c,bashtypes.h
lib/sh/uconvert.c,builtins.h
lib/sh/uconvert.c,include/chartypes.h
lib/sh/uconvert.c,shell.h
lib/sh/ufuncs.c,bashtypes.h
lib/sh/unicode.c,bashansi.h
lib/sh/unicode.c,include/stdc.h
lib/sh/wcsdup.c,bashansi.h
lib/sh/wcsdup.c,include/stdc.h
lib/sh/wcswidth.c,bashansi.h
lib/sh/wcswidth.c,include/stdc.h
lib/sh/winsize.c,bashtypes.h
lib/sh/winsize.c,include/stdc.h
lib/sh/zcatfd.c,include/stdc.h
lib/sh/zmapfd.c,bashansi.h
lib/sh/zmapfd.c,command.h
lib/sh/zmapfd.c,general.h
lib/termcap/termcap.c,lib/termcap/ltcap.h
lib/termcap/tparam.c,lib/termcap/ltcap.h
lib/tilde/tilde.c,lib/tilde/tilde.h
list.c,shell.h
locale.c,bashansi.h
locale.c,bashintl.h
locale.c,bashtypes.h
locale.c,include/chartypes.h
locale.c,input.h
locale.c,shell.h
mailcheck.c,bashansi.h
mailcheck.c,bashintl.h
mailcheck.c,bashtypes.h
mailcheck.c,execute_cmd.h
mailcheck.c,include/posixtime.h
mailcheck.c,mailcheck.h
mailcheck.c,shell.h
make_cmd.c,bashansi.h
make_cmd.c,bashintl.h
make_cmd.c,bashtypes.h
make_cmd.c,command.h
make_cmd.c,dispose_cmd.h
make_cmd.c,error.h
make_cmd.c,externs.h
make_cmd.c,flags.h
make_cmd.c,general.h
make_cmd.c,include/filecntl.h
make_cmd.c,include/ocache.h
make_cmd.c,include/shmbutil.h
make_cmd.c,input.h
make_cmd.c,jobs.h
make_cmd.c,make_cmd.h
make_cmd.c,parser.h
make_cmd.c,subst.h
make_cmd.c,syntax.h
make_cmd.c,variables.h
make_cmd.h,include/stdc.h
mksyntax.c,bashansi.h
mksyntax.c,bashtypes.h
mksyntax.c,include/chartypes.h
mksyntax.c,syntax.h
nojobs.c,bashintl.h
nojobs.c,bashtypes.h
nojobs.c,execute_cmd.h
nojobs.c,include/filecntl.h
nojobs.c,include/shtty.h
nojobs.c,input.h
nojobs.c,jobs.h
nojobs.c,shell.h
parser.h,command.h
parser.h,input.h
pathexp.c,bashansi.h
pathexp.c,bashintl.h
pathexp.c,bashtypes.h
pathexp.c,flags.h
pathexp.c,include/shmbutil.h
pathexp.c,lib/glob/glob.h
pathexp.c,lib/glob/strmatch.h
pathexp.c,pathexp.h
pathexp.c,shell.h
pcomplete.c,alias.h
pcomplete.c,bashansi.h
pcomplete.c,bashintl.h
pcomplete.c,bashline.h
pcomplete.c,bashtypes.h
pcomplete.c,builtins.h
pcomplete.c,builtins/common.h
pcomplete.c,execute_cmd.h
pcomplete.c,jobs.h
pcomplete.c,lib/glob/glob.h
pcomplete.c,lib/glob/strmatch.h
pcomplete.c,lib/readline/history.h
pcomplete.c,lib/readline/readline.h
pcomplete.c,lib/readline/rlconf.h
pcomplete.c,pathexp.h
pcomplete.c,pcomplete.h
pcomplete.c,shell.h
pcomplete.c,trap.h
pcomplete.h,hashlib.h
pcomplete.h,include/stdc.h
pcomplib.c,bashansi.h
pcomplib.c,bashintl.h
pcomplib.c,pcomplete.h
pcomplib.c,shell.h
print_cmd.c,bashansi.h
print_cmd.c,bashintl.h
print_cmd.c,builtins/common.h
print_cmd.c,flags.h
print_cmd.c,include/shmbutil.h
print_cmd.c,shell.h
print_cmd.c,y.tab.h
redir.c,bashansi.h
redir.c,bashintl.h
redir.c,bashtypes.h
redir.c,execute_cmd.h
redir.c,flags.h
redir.c,include/filecntl.h
redir.c,include/memalloc.h
redir.c,input.h
redir.c,redir.h
redir.c,shell.h
redir.h,include/stdc.h
shell.c,bashansi.h
shell.c,bashhist.h
shell.c,bashintl.h
shell.c,bashline.h
shell.c,bashtypes.h
shell.c,builtins.h
shell.c,builtins/common.h
shell.c,execute_cmd.h
shell.c,findcmd.h
shell.c,flags.h
shell.c,include/filecntl.h
shell.c,include/posixtime.h
shell.c,input.h
shell.c,jobs.h
shell.c,lib/glob/strmatch.h
shell.c,lib/malloc/shmalloc.h
shell.c,lib/readline/history.h
shell.c,mailcheck.h
shell.c,shell.h
shell.c,trap.h
shell.h,arrayfunc.h
shell.h,bashjmp.h
shell.h,command.h
shell.h,dispose_cmd.h
shell.h,error.h
shell.h,externs.h
shell.h,general.h
shell.h,include/maxpath.h
shell.h,include/ocache.h
shell.h,make_cmd.h
shell.h,quit.h
shell.h,sig.h
shell.h,subst.h
shell.h,syntax.h
shell.h,unwind_prot.h
shell.h,variables.h
sig.c,bashhist.h
sig.c,bashintl.h
sig.c,bashline.h
sig.c,bashtypes.h
sig.c,builtins/common.h
sig.c,jobs.h
sig.c,shell.h
sig.c,sig.h
sig.c,siglist.h
sig.c,trap.h
sig.h,include/stdc.h
siglist.c,bashintl.h
siglist.c,bashtypes.h
siglist.c,siglist.h
siglist.c,trap.h
siglist.c,xmalloc.h
stringlib.c,bashansi.h
stringlib.c,bashtypes.h
stringlib.c,include/chartypes.h
stringlib.c,lib/glob/glob.h
stringlib.c,lib/glob/strmatch.h
stringlib.c,pathexp.h
stringlib.c,shell.h
subst.c,bashansi.h
subst.c,bashintl.h
subst.c,bashtypes.h
subst.c,builtins/common.h
subst.c,builtins/getopt.h
subst.c,execute_cmd.h
subst.c,flags.h
subst.c,include/chartypes.h
subst.c,include/filecntl.h
subst.c,include/shmbutil.h
subst.c,include/typemax.h
subst.c,jobs.h
subst.c,lib/glob/strmatch.h
subst.c,mailcheck.h
subst.c,parser.h
subst.c,pathexp.h
subst.c,shell.h
subst.c,trap.h
subst.h,include/stdc.h
support/bashversion.c,bashansi.h
support/bashversion.c,conftypes.h
support/bashversion.c,include/stdc.h
support/printenv.c,bashansi.h
support/recho.c,bashansi.h
support/xcase.c,bashansi.h
support/zecho.c,bashansi.h
test.c,bashintl.h
test.c,bashtypes.h
test.c,builtins/common.h
test.c,include/filecntl.h
test.c,lib/glob/strmatch.h
test.c,pathexp.h
test.c,shell.h
test.c,test.h
test.h,include/stdc.h
trap.c,bashansi.h
trap.c,bashintl.h
trap.c,bashtypes.h
trap.c,builtins.h
trap.c,builtins/common.h
trap.c,flags.h
trap.c,input.h
trap.c,jobs.h
trap.c,shell.h
trap.c,trap.h
trap.h,bashtypes.h
trap.h,include/stdc.h
unwind_prot.c,bashansi.h
unwind_prot.c,bashtypes.h
unwind_prot.c,command.h
unwind_prot.c,error.h
unwind_prot.c,general.h
unwind_prot.c,quit.h
unwind_prot.c,sig.h
unwind_prot.c,unwind_prot.h
variables.c,alias.h
variables.c,bashansi.h
variables.c,bashhist.h
variables.c,bashintl.h
variables.c,bashline.h
variables.c,bashtypes.h
variables.c,builtins/common.h
variables.c,builtins/getopt.h
variables.c,execute_cmd.h
variables.c,findcmd.h
variables.c,flags.h
variables.c,hashcmd.h
variables.c,include/chartypes.h
variables.c,include/posixtime.h
variables.c,input.h
variables.c,lib/readline/history.h
variables.c,lib/readline/readline.h
variables.c,mailcheck.h
variables.c,pathexp.h
variables.c,pcomplete.h
variables.c,shell.h
variables.h,array.h
variables.h,assoc.h
variables.h,conftypes.h
variables.h,hashlib.h
variables.h,include/stdc.h
version.c,bashintl.h
version.c,conftypes.h
version.c,include/stdc.h
version.c,patchlevel.h
xmalloc.c,bashintl.h
xmalloc.c,bashtypes.h
xmalloc.c,error.h
xmalloc.c,lib/malloc/shmalloc.h
xmalloc.h,bashansi.h
xmalloc.h,include/stdc.h
y.tab.c,alias.h
y.tab.c,bashansi.h
y.tab.c,bashhist.h
y.tab.c,bashintl.h
y.tab.c,bashline.h
y.tab.c,bashtypes.h
y.tab.c,builtins.h
y.tab.c,builtins/common.h
y.tab.c,flags.h
y.tab.c,include/chartypes.h
y.tab.c,include/filecntl.h
y.tab.c,include/maxpath.h
y.tab.c,include/memalloc.h
y.tab.c,include/shmbutil.h
y.tab.c,jobs.h
y.tab.c,lib/readline/history.h
y.tab.c,lib/readline/readline.h
y.tab.c,mailcheck.h
y.tab.c,parser.h
y.tab.c,shell.h
y.tab.c,test.h
y.tab.c,trap.h
