id,path,license
alias.c,alias.c,autonomous
alias.h,alias.h,GPL-3.0-only
array.c,array.c,GPL-3.0-only
array.h,array.h,GPL-3.0-only
arrayfunc.c,arrayfunc.c,autonomous
arrayfunc.h,arrayfunc.h,GPL-3.0-only
assoc.c,assoc.c,GPL-3.0-only
assoc.h,assoc.h,GPL-3.0-only
bashansi.h,bashansi.h,GPL-3.0-only
bashhist.c,bashhist.c,autonomous
bashhist.h,bashhist.h,GPL-3.0-only
bashintl.h,bashintl.h,GPL-3.0-only
bashjmp.h,bashjmp.h,GPL-3.0-only
bashline.c,bashline.c,autonomous
bashline.h,bashline.h,GPL-3.0-only
bashtypes.h,bashtypes.h,GPL-3.0-only
bracecomp.c,bracecomp.c,autonomous
braces.c,braces.c,autonomous
builtins.h,builtins.h,GPL-3.0-only
command.h,command.h,GPL-3.0-only
config-bot.h,config-bot.h,GPL-3.0-only
config-top.h,config-top.h,GPL-3.0-only
conftypes.h,conftypes.h,GPL-3.0-only
copy_cmd.c,copy_cmd.c,GPL-3.0-only
dispose_cmd.c,dispose_cmd.c,GPL-3.0-only
dispose_cmd.h,dispose_cmd.h,GPL-3.0-only
error.c,error.c,GPL-3.0-only
error.h,error.h,GPL-3.0-only
eval.c,eval.c,GPL-3.0-only
execute_cmd.c,execute_cmd.c,autonomous
execute_cmd.h,execute_cmd.h,GPL-3.0-only
expr.c,expr.c,autonomous
externs.h,externs.h,GPL-3.0-only
findcmd.c,findcmd.c,autonomous
findcmd.h,findcmd.h,GPL-3.0-only
flags.c,flags.c,GPL-3.0-only
flags.h,flags.h,GPL-3.0-only
general.c,general.c,autonomous
general.h,general.h,GPL-3.0-only
hashcmd.c,hashcmd.c,autonomous
hashcmd.h,hashcmd.h,GPL-3.0-only
hashlib.c,hashlib.c,GPL-3.0-only
hashlib.h,hashlib.h,GPL-3.0-only
input.c,input.c,autonomous
input.h,input.h,GPL-3.0-only
jobs.c,jobs.c,autonomous
jobs.h,jobs.h,GPL-3.0-only
list.c,list.c,GPL-3.0-only
locale.c,locale.c,autonomous
mailcheck.c,mailcheck.c,autonomous
mailcheck.h,mailcheck.h,GPL-3.0-only
make_cmd.c,make_cmd.c,autonomous
make_cmd.h,make_cmd.h,GPL-3.0-only
mksyntax.c,mksyntax.c,autonomous
nojobs.c,nojobs.c,autonomous
parser.h,parser.h,GPL-3.0-only
patchlevel.h,patchlevel.h,GPL-3.0-only
pathexp.c,pathexp.c,autonomous
pathexp.h,pathexp.h,GPL-3.0-only
pcomplete.c,pcomplete.c,autonomous
pcomplete.h,pcomplete.h,GPL-3.0-only
pcomplib.c,pcomplib.c,GPL-3.0-only
print_cmd.c,print_cmd.c,autonomous
quit.h,quit.h,GPL-3.0-only
redir.c,redir.c,autonomous
redir.h,redir.h,GPL-3.0-only
shell.c,shell.c,autonomous
shell.h,shell.h,GPL-3.0-only
sig.c,sig.c,GPL-3.0-only
sig.h,sig.h,GPL-3.0-only
siglist.c,siglist.c,GPL-3.0-only
siglist.h,siglist.h,GPL-3.0-only
stringlib.c,stringlib.c,autonomous
subst.c,subst.c,autonomous
subst.h,subst.h,GPL-3.0-only
syntax.h,syntax.h,GPL-3.0-only
test.c,test.c,autonomous
test.h,test.h,GPL-3.0-only
trap.c,trap.c,GPL-3.0-only
trap.h,trap.h,GPL-3.0-only
unwind_prot.c,unwind_prot.c,GPL-3.0-only
unwind_prot.h,unwind_prot.h,GPL-3.0-only
variables.c,variables.c,autonomous
variables.h,variables.h,GPL-3.0-only
version.c,version.c,autonomous
xmalloc.c,xmalloc.c,autonomous
xmalloc.h,xmalloc.h,GPL-3.0-only
y.tab.c,y.tab.c,autonomous
y.tab.h,y.tab.h,GPL-2.0-only
builtins/bashgetopt.c,builtins/bashgetopt.c,autonomous
builtins/bashgetopt.h,builtins/bashgetopt.h,GPL-3.0-only
builtins/common.c,builtins/common.c,autonomous
builtins/common.h,builtins/common.h,GPL-3.0-only
builtins/evalfile.c,builtins/evalfile.c,autonomous
builtins/evalstring.c,builtins/evalstring.c,autonomous
builtins/getopt.c,builtins/getopt.c,autonomous
builtins/getopt.h,builtins/getopt.h,GPL-3.0-only
builtins/mkbuiltins.c,builtins/mkbuiltins.c,autonomous
builtins/psize.c,builtins/psize.c,GPL-3.0-only
CWRU/misc/errlist.c,CWRU/misc/errlist.c,GPL-3.0-only
CWRU/misc/hpux10-dlfcn.h,CWRU/misc/hpux10-dlfcn.h,GPL-3.0-only
CWRU/misc/open-files.c,CWRU/misc/open-files.c,GPL-3.0-only
CWRU/misc/sigs.c,CWRU/misc/sigs.c,GPL-3.0-only
CWRU/misc/sigstat.c,CWRU/misc/sigstat.c,GPL-3.0-only
examples/loadables/basename.c,examples/loadables/basename.c,GPL-3.0-only
examples/loadables/cat.c,examples/loadables/cat.c,GPL-3.0-only
examples/loadables/cut.c,examples/loadables/cut.c,GPL-3.0-only
examples/loadables/dirname.c,examples/loadables/dirname.c,GPL-3.0-only
examples/loadables/finfo.c,examples/loadables/finfo.c,autonomous
examples/loadables/getconf.c,examples/loadables/getconf.c,autonomous
examples/loadables/getconf.h,examples/loadables/getconf.h,GPL-3.0-only
examples/loadables/head.c,examples/loadables/head.c,autonomous
examples/loadables/hello.c,examples/loadables/hello.c,GPL-3.0-only
examples/loadables/id.c,examples/loadables/id.c,autonomous
examples/loadables/ln.c,examples/loadables/ln.c,autonomous
examples/loadables/logname.c,examples/loadables/logname.c,GPL-3.0-only
examples/loadables/mkdir.c,examples/loadables/mkdir.c,autonomous
examples/loadables/mypid.c,examples/loadables/mypid.c,GPL-3.0-only
examples/loadables/necho.c,examples/loadables/necho.c,GPL-3.0-only
examples/loadables/pathchk.c,examples/loadables/pathchk.c,autonomous
examples/loadables/print.c,examples/loadables/print.c,autonomous
examples/loadables/printenv.c,examples/loadables/printenv.c,GPL-3.0-only
examples/loadables/push.c,examples/loadables/push.c,GPL-3.0-only
examples/loadables/realpath.c,examples/loadables/realpath.c,autonomous
examples/loadables/rmdir.c,examples/loadables/rmdir.c,GPL-3.0-only
examples/loadables/sleep.c,examples/loadables/sleep.c,autonomous
examples/loadables/strftime.c,examples/loadables/strftime.c,autonomous
examples/loadables/sync.c,examples/loadables/sync.c,GPL-3.0-only
examples/loadables/tee.c,examples/loadables/tee.c,autonomous
examples/loadables/template.c,examples/loadables/template.c,GPL-3.0-only
examples/loadables/truefalse.c,examples/loadables/truefalse.c,GPL-3.0-only
examples/loadables/tty.c,examples/loadables/tty.c,GPL-3.0-only
examples/loadables/uname.c,examples/loadables/uname.c,GPL-3.0-only
examples/loadables/unlink.c,examples/loadables/unlink.c,GPL-3.0-only
examples/loadables/whoami.c,examples/loadables/whoami.c,GPL-3.0-only
examples/loadables/perl/bperl.c,examples/loadables/perl/bperl.c,GPL-3.0-only
examples/loadables/perl/iperl.c,examples/loadables/perl/iperl.c,GPL-3.0-only
include/ansi_stdlib.h,include/ansi_stdlib.h,autonomous
include/chartypes.h,include/chartypes.h,autonomous
include/filecntl.h,include/filecntl.h,autonomous
include/gettext.h,include/gettext.h,autonomous
include/maxpath.h,include/maxpath.h,autonomous
include/memalloc.h,include/memalloc.h,autonomous
include/ocache.h,include/ocache.h,autonomous
include/posixdir.h,include/posixdir.h,autonomous
include/posixjmp.h,include/posixjmp.h,autonomous
include/posixselect.h,include/posixselect.h,autonomous
include/posixstat.h,include/posixstat.h,autonomous
include/posixtime.h,include/posixtime.h,autonomous
include/posixwait.h,include/posixwait.h,autonomous
include/shmbchar.h,include/shmbchar.h,autonomous
include/shmbutil.h,include/shmbutil.h,autonomous
include/shtty.h,include/shtty.h,autonomous
include/stdc.h,include/stdc.h,autonomous
include/systimes.h,include/systimes.h,autonomous
include/typemax.h,include/typemax.h,autonomous
include/unionwait.h,include/unionwait.h,autonomous
lib/glob/collsyms.h,lib/glob/collsyms.h,GPL-3.0-only
lib/glob/glob.c,lib/glob/glob.c,autonomous
lib/glob/glob.h,lib/glob/glob.h,GPL-3.0-only
lib/glob/glob_loop.c,lib/glob/glob_loop.c,GPL-3.0-only
lib/glob/gmisc.c,lib/glob/gmisc.c,autonomous
lib/glob/ndir.h,lib/glob/ndir.h,GPL-3.0-only
lib/glob/smatch.c,lib/glob/smatch.c,autonomous
lib/glob/sm_loop.c,lib/glob/sm_loop.c,GPL-3.0-only
lib/glob/strmatch.c,lib/glob/strmatch.c,autonomous
lib/glob/strmatch.h,lib/glob/strmatch.h,GPL-3.0-only
lib/glob/xmbsrtowcs.c,lib/glob/xmbsrtowcs.c,autonomous
lib/intl/bindtextdom.c,lib/intl/bindtextdom.c,GPL-3.0-only
lib/intl/dcgettext.c,lib/intl/dcgettext.c,GPL-3.0-only
lib/intl/dcigettext.c,lib/intl/dcigettext.c,GPL-3.0-only
lib/intl/dcngettext.c,lib/intl/dcngettext.c,GPL-3.0-only
lib/intl/dgettext.c,lib/intl/dgettext.c,GPL-3.0-only
lib/intl/dngettext.c,lib/intl/dngettext.c,GPL-3.0-only
lib/intl/eval-plural.h,lib/intl/eval-plural.h,GPL-3.0-only
lib/intl/explodename.c,lib/intl/explodename.c,GPL-3.0-only
lib/intl/finddomain.c,lib/intl/finddomain.c,GPL-3.0-only
lib/intl/gettext.c,lib/intl/gettext.c,GPL-3.0-only
lib/intl/gettextP.h,lib/intl/gettextP.h,GPL-3.0-only
lib/intl/gmo.h,lib/intl/gmo.h,GPL-3.0-only
lib/intl/hash-string.h,lib/intl/hash-string.h,GPL-3.0-only
lib/intl/intl-compat.c,lib/intl/intl-compat.c,GPL-3.0-only
lib/intl/l10nflist.c,lib/intl/l10nflist.c,GPL-3.0-only
lib/intl/loadinfo.h,lib/intl/loadinfo.h,GPL-3.0-only
lib/intl/loadmsgcat.c,lib/intl/loadmsgcat.c,GPL-3.0-only
lib/intl/localcharset.c,lib/intl/localcharset.c,GPL-3.0-only
lib/intl/localcharset.h,lib/intl/localcharset.h,GPL-3.0-only
lib/intl/localealias.c,lib/intl/localealias.c,GPL-3.0-only
lib/intl/localename.c,lib/intl/localename.c,GPL-3.0-only
lib/intl/log.c,lib/intl/log.c,GPL-3.0-only
lib/intl/ngettext.c,lib/intl/ngettext.c,GPL-3.0-only
lib/intl/os2compat.c,lib/intl/os2compat.c,GPL-3.0-only
lib/intl/os2compat.h,lib/intl/os2compat.h,GPL-3.0-only
lib/intl/osdep.c,lib/intl/osdep.c,GPL-3.0-only
lib/intl/plural-exp.c,lib/intl/plural-exp.c,GPL-3.0-only
lib/intl/plural-exp.h,lib/intl/plural-exp.h,GPL-3.0-only
lib/intl/plural.c,lib/intl/plural.c,GPL-2.0-only
lib/intl/relocatable.c,lib/intl/relocatable.c,GPL-3.0-only
lib/intl/relocatable.h,lib/intl/relocatable.h,GPL-3.0-only
lib/intl/textdomain.c,lib/intl/textdomain.c,GPL-3.0-only
lib/malloc/alloca.c,lib/malloc/alloca.c,GPL-3.0-only
lib/malloc/getpagesize.h,lib/malloc/getpagesize.h,GPL-3.0-only
lib/malloc/imalloc.h,lib/malloc/imalloc.h,GPL-3.0-only
lib/malloc/malloc.c,lib/malloc/malloc.c,autonomous
lib/malloc/mstats.h,lib/malloc/mstats.h,GPL-3.0-only
lib/malloc/shmalloc.h,lib/malloc/shmalloc.h,GPL-3.0-only
lib/malloc/stats.c,lib/malloc/stats.c,GPL-3.0-only
lib/malloc/stub.c,lib/malloc/stub.c,GPL-3.0-only
lib/malloc/table.c,lib/malloc/table.c,GPL-3.0-only
lib/malloc/table.h,lib/malloc/table.h,GPL-3.0-only
lib/malloc/trace.c,lib/malloc/trace.c,GPL-3.0-only
lib/malloc/watch.c,lib/malloc/watch.c,GPL-3.0-only
lib/malloc/watch.h,lib/malloc/watch.h,GPL-3.0-only
lib/malloc/xmalloc.c,lib/malloc/xmalloc.c,autonomous
lib/readline/ansi_stdlib.h,lib/readline/ansi_stdlib.h,GPL-3.0-only
lib/readline/bind.c,lib/readline/bind.c,GPL-3.0-only
lib/readline/callback.c,lib/readline/callback.c,GPL-3.0-only
lib/readline/chardefs.h,lib/readline/chardefs.h,GPL-3.0-only
lib/readline/compat.c,lib/readline/compat.c,GPL-3.0-only
lib/readline/complete.c,lib/readline/complete.c,GPL-3.0-only
lib/readline/display.c,lib/readline/display.c,GPL-3.0-only
lib/readline/emacs_keymap.c,lib/readline/emacs_keymap.c,GPL-3.0-only
lib/readline/funmap.c,lib/readline/funmap.c,GPL-3.0-only
lib/readline/histexpand.c,lib/readline/histexpand.c,GPL-3.0-only
lib/readline/histfile.c,lib/readline/histfile.c,GPL-3.0-only
lib/readline/histlib.h,lib/readline/histlib.h,GPL-3.0-only
lib/readline/history.c,lib/readline/history.c,GPL-3.0-only
lib/readline/history.h,lib/readline/history.h,GPL-3.0-only
lib/readline/histsearch.c,lib/readline/histsearch.c,GPL-3.0-only
lib/readline/input.c,lib/readline/input.c,GPL-3.0-only
lib/readline/isearch.c,lib/readline/isearch.c,GPL-3.0-only
lib/readline/keymaps.c,lib/readline/keymaps.c,GPL-3.0-only
lib/readline/keymaps.h,lib/readline/keymaps.h,GPL-3.0-only
lib/readline/kill.c,lib/readline/kill.c,GPL-3.0-only
lib/readline/macro.c,lib/readline/macro.c,GPL-3.0-only
lib/readline/mbutil.c,lib/readline/mbutil.c,GPL-3.0-only
lib/readline/misc.c,lib/readline/misc.c,GPL-3.0-only
lib/readline/nls.c,lib/readline/nls.c,GPL-3.0-only
lib/readline/parens.c,lib/readline/parens.c,GPL-3.0-only
lib/readline/posixdir.h,lib/readline/posixdir.h,GPL-3.0-only
lib/readline/posixjmp.h,lib/readline/posixjmp.h,GPL-3.0-only
lib/readline/posixselect.h,lib/readline/posixselect.h,GPL-3.0-only
lib/readline/posixstat.h,lib/readline/posixstat.h,GPL-3.0-only
lib/readline/readline.c,lib/readline/readline.c,GPL-3.0-only
lib/readline/readline.h,lib/readline/readline.h,GPL-3.0-only
lib/readline/rlconf.h,lib/readline/rlconf.h,GPL-3.0-only
lib/readline/rldefs.h,lib/readline/rldefs.h,GPL-3.0-only
lib/readline/rlmbutil.h,lib/readline/rlmbutil.h,GPL-3.0-only
lib/readline/rlprivate.h,lib/readline/rlprivate.h,GPL-3.0-only
lib/readline/rlshell.h,lib/readline/rlshell.h,GPL-3.0-only
lib/readline/rlstdc.h,lib/readline/rlstdc.h,GPL-3.0-only
lib/readline/rltty.c,lib/readline/rltty.c,GPL-3.0-only
lib/readline/rltty.h,lib/readline/rltty.h,GPL-3.0-only
lib/readline/rltypedefs.h,lib/readline/rltypedefs.h,GPL-3.0-only
lib/readline/rlwinsize.h,lib/readline/rlwinsize.h,GPL-3.0-only
lib/readline/savestring.c,lib/readline/savestring.c,GPL-3.0-only
lib/readline/search.c,lib/readline/search.c,GPL-3.0-only
lib/readline/shell.c,lib/readline/shell.c,GPL-3.0-only
lib/readline/signals.c,lib/readline/signals.c,GPL-3.0-only
lib/readline/tcap.h,lib/readline/tcap.h,GPL-3.0-only
lib/readline/terminal.c,lib/readline/terminal.c,GPL-3.0-only
lib/readline/text.c,lib/readline/text.c,GPL-3.0-only
lib/readline/tilde.c,lib/readline/tilde.c,GPL-3.0-only
lib/readline/tilde.h,lib/readline/tilde.h,GPL-3.0-only
lib/readline/undo.c,lib/readline/undo.c,GPL-3.0-only
lib/readline/util.c,lib/readline/util.c,GPL-3.0-only
lib/readline/vi_keymap.c,lib/readline/vi_keymap.c,GPL-3.0-only
lib/readline/vi_mode.c,lib/readline/vi_mode.c,GPL-3.0-only
lib/readline/xfree.c,lib/readline/xfree.c,GPL-3.0-only
lib/readline/xmalloc.c,lib/readline/xmalloc.c,GPL-3.0-only
lib/readline/xmalloc.h,lib/readline/xmalloc.h,GPL-3.0-only
lib/readline/examples/excallback.c,lib/readline/examples/excallback.c,GPL-3.0-only
lib/readline/examples/fileman.c,lib/readline/examples/fileman.c,GPL-3.0-only
lib/readline/examples/histexamp.c,lib/readline/examples/histexamp.c,GPL-3.0-only
lib/readline/examples/manexamp.c,lib/readline/examples/manexamp.c,GPL-3.0-only
lib/readline/examples/rl.c,lib/readline/examples/rl.c,autonomous
lib/readline/examples/rlcat.c,lib/readline/examples/rlcat.c,autonomous
lib/readline/examples/rltest.c,lib/readline/examples/rltest.c,GPL-3.0-only
lib/sh/casemod.c,lib/sh/casemod.c,autonomous
lib/sh/clktck.c,lib/sh/clktck.c,GPL-3.0-only
lib/sh/clock.c,lib/sh/clock.c,autonomous
lib/sh/dprintf.c,lib/sh/dprintf.c,autonomous
lib/sh/eaccess.c,lib/sh/eaccess.c,autonomous
lib/sh/fmtullong.c,lib/sh/fmtullong.c,GPL-3.0-only
lib/sh/fmtulong.c,lib/sh/fmtulong.c,autonomous
lib/sh/fmtumax.c,lib/sh/fmtumax.c,GPL-3.0-only
lib/sh/fnxform.c,lib/sh/fnxform.c,autonomous
lib/sh/fpurge.c,lib/sh/fpurge.c,autonomous
lib/sh/getcwd.c,lib/sh/getcwd.c,autonomous
lib/sh/getenv.c,lib/sh/getenv.c,GPL-3.0-only
lib/sh/inet_aton.c,lib/sh/inet_aton.c,autonomous
lib/sh/input_avail.c,lib/sh/input_avail.c,autonomous
lib/sh/itos.c,lib/sh/itos.c,GPL-3.0-only
lib/sh/mailstat.c,lib/sh/mailstat.c,autonomous
lib/sh/makepath.c,lib/sh/makepath.c,GPL-3.0-only
lib/sh/mbscasecmp.c,lib/sh/mbscasecmp.c,GPL-3.0-only
lib/sh/mbschr.c,lib/sh/mbschr.c,autonomous
lib/sh/mbscmp.c,lib/sh/mbscmp.c,GPL-3.0-only
lib/sh/memset.c,lib/sh/memset.c,GPL-3.0-only
lib/sh/mktime.c,lib/sh/mktime.c,GPL-3.0-only
lib/sh/netconn.c,lib/sh/netconn.c,autonomous
lib/sh/netopen.c,lib/sh/netopen.c,GPL-3.0-only
lib/sh/oslib.c,lib/sh/oslib.c,autonomous
lib/sh/pathcanon.c,lib/sh/pathcanon.c,autonomous
lib/sh/pathphys.c,lib/sh/pathphys.c,autonomous
lib/sh/rename.c,lib/sh/rename.c,autonomous
lib/sh/setlinebuf.c,lib/sh/setlinebuf.c,GPL-3.0-only
lib/sh/shmatch.c,lib/sh/shmatch.c,GPL-3.0-only
lib/sh/shmbchar.c,lib/sh/shmbchar.c,autonomous
lib/sh/shquote.c,lib/sh/shquote.c,GPL-3.0-only
lib/sh/shtty.c,lib/sh/shtty.c,autonomous
lib/sh/snprintf.c,lib/sh/snprintf.c,autonomous
lib/sh/spell.c,lib/sh/spell.c,autonomous
lib/sh/strcasecmp.c,lib/sh/strcasecmp.c,autonomous
lib/sh/strcasestr.c,lib/sh/strcasestr.c,autonomous
lib/sh/strchrnul.c,lib/sh/strchrnul.c,GPL-3.0-only
lib/sh/strerror.c,lib/sh/strerror.c,GPL-3.0-only
lib/sh/strftime.c,lib/sh/strftime.c,GPL-3.0-only
lib/sh/stringlist.c,lib/sh/stringlist.c,GPL-3.0-only
lib/sh/stringvec.c,lib/sh/stringvec.c,autonomous
lib/sh/strnlen.c,lib/sh/strnlen.c,autonomous
lib/sh/strpbrk.c,lib/sh/strpbrk.c,autonomous
lib/sh/strstr.c,lib/sh/strstr.c,GPL-3.0-only
lib/sh/strtod.c,lib/sh/strtod.c,autonomous
lib/sh/strtoimax.c,lib/sh/strtoimax.c,autonomous
lib/sh/strtol.c,lib/sh/strtol.c,autonomous
lib/sh/strtoll.c,lib/sh/strtoll.c,GPL-3.0-only
lib/sh/strtoul.c,lib/sh/strtoul.c,GPL-3.0-only
lib/sh/strtoull.c,lib/sh/strtoull.c,GPL-3.0-only
lib/sh/strtoumax.c,lib/sh/strtoumax.c,autonomous
lib/sh/strtrans.c,lib/sh/strtrans.c,autonomous
lib/sh/times.c,lib/sh/times.c,autonomous
lib/sh/timeval.c,lib/sh/timeval.c,autonomous
lib/sh/tmpfile.c,lib/sh/tmpfile.c,autonomous
lib/sh/uconvert.c,lib/sh/uconvert.c,autonomous
lib/sh/ufuncs.c,lib/sh/ufuncs.c,GPL-3.0-only
lib/sh/unicode.c,lib/sh/unicode.c,autonomous
lib/sh/vprint.c,lib/sh/vprint.c,GPL-3.0-only
lib/sh/wcsdup.c,lib/sh/wcsdup.c,autonomous
lib/sh/wcswidth.c,lib/sh/wcswidth.c,autonomous
lib/sh/winsize.c,lib/sh/winsize.c,autonomous
lib/sh/zcatfd.c,lib/sh/zcatfd.c,autonomous
lib/sh/zgetline.c,lib/sh/zgetline.c,GPL-3.0-only
lib/sh/zmapfd.c,lib/sh/zmapfd.c,GPL-3.0-only
lib/sh/zread.c,lib/sh/zread.c,GPL-3.0-only
lib/sh/zwrite.c,lib/sh/zwrite.c,GPL-3.0-only
lib/termcap/ltcap.h,lib/termcap/ltcap.h,GPL-3.0-only
lib/termcap/termcap.c,lib/termcap/termcap.c,GPL-3.0-only
lib/termcap/termcap.h,lib/termcap/termcap.h,GPL-3.0-only
lib/termcap/tparam.c,lib/termcap/tparam.c,GPL-3.0-only
lib/termcap/version.c,lib/termcap/version.c,GPL-3.0-only
lib/tilde/shell.c,lib/tilde/shell.c,autonomous
lib/tilde/tilde.c,lib/tilde/tilde.c,autonomous
lib/tilde/tilde.h,lib/tilde/tilde.h,GPL-3.0-only
support/bashversion.c,support/bashversion.c,autonomous
support/man2html.c,support/man2html.c,GPL-3.0-only
support/mksignames.c,support/mksignames.c,autonomous
support/printenv.c,support/printenv.c,GPL-3.0-only
support/recho.c,support/recho.c,GPL-3.0-only
support/signames.c,support/signames.c,autonomous
support/xcase.c,support/xcase.c,GPL-3.0-only
support/zecho.c,support/zecho.c,GPL-3.0-only
